start_epoch,end_epoch,direction,window_id,model
1767222000,1767286800,NEUTRAL,C2-1767222000-NEUTRAL,CEBONK_C2_WEB_V1_35ce78b4
1767308400,1767321300,NEUTRAL,C2-1767308400-NEUTRAL,CEBONK_C2_WEB_V1_35ce78b4
1767321300,1767326700,BUY,C2-1767321300-BUY,CEBONK_C2_WEB_V1_35ce78b4
1767326700,1767337500,NEUTRAL,C2-1767326700-NEUTRAL,CEBONK_C2_WEB_V1_35ce78b4
1767337500,1767338100,SELL,C2-1767337500-SELL,CEBONK_C2_WEB_V1_35ce78b4
1767338100,1767338400,TRANSITION,C2-1767338100-TRANSITION,CEBONK_C2_WEB_V1_35ce78b4
1767338400,1767373200,NEUTRAL,C2-1767338400-NEUTRAL,CEBONK_C2_WEB_V1_35ce78b4
1767394800,1767420000,BUY,C2-1767394800-BUY,CEBONK_C2_WEB_V1_35ce78b4
1767420000,1767426600,NEUTRAL,C2-1767420000-NEUTRAL,CEBONK_C2_WEB_V1_35ce78b4
1767426600,1767444300,SELL,C2-1767426600-SELL,CEBONK_C2_WEB_V1_35ce78b4
1767444300,1767444600,TRANSITION,C2-1767444300-TRANSITION,CEBONK_C2_WEB_V1_35ce78b4
1767444600,1767451800,NEUTRAL,C2-1767444600-NEUTRAL,CEBONK_C2_WEB_V1_35ce78b4
1767451800,1767459600,BUY,C2-1767451800-BUY,CEBONK_C2_WEB_V1_35ce78b4
1767481200,1767545100,BUY,C2-1767481200-BUY,CEBONK_C2_WEB_V1_35ce78b4
1767545100,1767546000,NEUTRAL,C2-1767545100-NEUTRAL,CEBONK_C2_WEB_V1_35ce78b4
1767567600,1767632400,BUY,C2-1767567600-BUY,CEBONK_C2_WEB_V1_35ce78b4
1767654000,1767718800,BUY,C2-1767654000-BUY,CEBONK_C2_WEB_V1_35ce78b4
1767740400,1767805200,BUY,C2-1767740400-BUY,CEBONK_C2_WEB_V1_35ce78b4
1767826800,1767875100,BUY,C2-1767826800-BUY,CEBONK_C2_WEB_V1_35ce78b4
1767875100,1767887400,NEUTRAL,C2-1767875100-NEUTRAL,CEBONK_C2_WEB_V1_35ce78b4
1767887400,1767891600,SELL,C2-1767887400-SELL,CEBONK_C2_WEB_V1_35ce78b4
1767913200,1767930600,SELL,C2-1767913200-SELL,CEBONK_C2_WEB_V1_35ce78b4
1767930600,1767938100,NEUTRAL,C2-1767930600-NEUTRAL,CEBONK_C2_WEB_V1_35ce78b4
1767938100,1767938400,TRANSITION,C2-1767938100-TRANSITION,CEBONK_C2_WEB_V1_35ce78b4
1767938400,1767939300,NEUTRAL,C2-1767938400-NEUTRAL,CEBONK_C2_WEB_V1_35ce78b4
1767939300,1767978000,SELL,C2-1767939300-SELL,CEBONK_C2_WEB_V1_35ce78b4
1767999600,1768064400,SELL,C2-1767999600-SELL,CEBONK_C2_WEB_V1_35ce78b4
1768086000,1768122300,SELL,C2-1768086000-SELL,CEBONK_C2_WEB_V1_35ce78b4
1768122300,1768140300,NEUTRAL,C2-1768122300-NEUTRAL,CEBONK_C2_WEB_V1_35ce78b4
1768140300,1768150800,SELL,C2-1768140300-SELL,CEBONK_C2_WEB_V1_35ce78b4
1768172400,1768218900,NEUTRAL,C2-1768172400-NEUTRAL,CEBONK_C2_WEB_V1_35ce78b4
1768218900,1768237200,BUY,C2-1768218900-BUY,CEBONK_C2_WEB_V1_35ce78b4
1768258800,1768323600,BUY,C2-1768258800-BUY,CEBONK_C2_WEB_V1_35ce78b4
1768345200,1768348500,BUY,C2-1768345200-BUY,CEBONK_C2_WEB_V1_35ce78b4
1768348500,1768363800,NEUTRAL,C2-1768348500-NEUTRAL,CEBONK_C2_WEB_V1_35ce78b4
1768363800,1768375500,BUY,C2-1768363800-BUY,CEBONK_C2_WEB_V1_35ce78b4
1768375500,1768381800,NEUTRAL,C2-1768375500-NEUTRAL,CEBONK_C2_WEB_V1_35ce78b4
1768381800,1768382100,TRANSITION,C2-1768381800-TRANSITION,CEBONK_C2_WEB_V1_35ce78b4
1768382100,1768388100,NEUTRAL,C2-1768382100-NEUTRAL,CEBONK_C2_WEB_V1_35ce78b4
1768388100,1768410000,BUY,C2-1768388100-BUY,CEBONK_C2_WEB_V1_35ce78b4
1768431600,1768496400,BUY,C2-1768431600-BUY,CEBONK_C2_WEB_V1_35ce78b4
1768518000,1768582800,BUY,C2-1768518000-BUY,CEBONK_C2_WEB_V1_35ce78b4
1768604400,1768669200,BUY,C2-1768604400-BUY,CEBONK_C2_WEB_V1_35ce78b4
1768690800,1768698600,BUY,C2-1768690800-BUY,CEBONK_C2_WEB_V1_35ce78b4
1768698600,1768699500,NEUTRAL,C2-1768698600-NEUTRAL,CEBONK_C2_WEB_V1_35ce78b4
1768699500,1768755600,BUY,C2-1768699500-BUY,CEBONK_C2_WEB_V1_35ce78b4
1768777200,1768842000,BUY,C2-1768777200-BUY,CEBONK_C2_WEB_V1_35ce78b4
1768863600,1768928400,BUY,C2-1768863600-BUY,CEBONK_C2_WEB_V1_35ce78b4
1768950000,1769014800,BUY,C2-1768950000-BUY,CEBONK_C2_WEB_V1_35ce78b4
1769036400,1769101200,BUY,C2-1769036400-BUY,CEBONK_C2_WEB_V1_35ce78b4
1769122800,1769187600,BUY,C2-1769122800-BUY,CEBONK_C2_WEB_V1_35ce78b4
1769209200,1769274000,BUY,C2-1769209200-BUY,CEBONK_C2_WEB_V1_35ce78b4
1769295600,1769360400,NEUTRAL,C2-1769295600-NEUTRAL,CEBONK_C2_WEB_V1_35ce78b4
1769382000,1769389500,SELL,C2-1769382000-SELL,CEBONK_C2_WEB_V1_35ce78b4
1769389500,1769391300,NEUTRAL,C2-1769389500-NEUTRAL,CEBONK_C2_WEB_V1_35ce78b4
1769391300,1769408400,SELL,C2-1769391300-SELL,CEBONK_C2_WEB_V1_35ce78b4
1769408400,1769421300,NEUTRAL,C2-1769408400-NEUTRAL,CEBONK_C2_WEB_V1_35ce78b4
1769421300,1769441100,SELL,C2-1769421300-SELL,CEBONK_C2_WEB_V1_35ce78b4
1769441100,1769446800,NEUTRAL,C2-1769441100-NEUTRAL,CEBONK_C2_WEB_V1_35ce78b4
1769468400,1769473500,NEUTRAL,C2-1769468400-NEUTRAL,CEBONK_C2_WEB_V1_35ce78b4
1769473500,1769475000,BUY,C2-1769473500-BUY,CEBONK_C2_WEB_V1_35ce78b4
1769475000,1769475300,TRANSITION,C2-1769475000-TRANSITION,CEBONK_C2_WEB_V1_35ce78b4
1769475300,1769533200,NEUTRAL,C2-1769475300-NEUTRAL,CEBONK_C2_WEB_V1_35ce78b4
1769554800,1769557800,SELL,C2-1769554800-SELL,CEBONK_C2_WEB_V1_35ce78b4
1769557800,1769562000,NEUTRAL,C2-1769557800-NEUTRAL,CEBONK_C2_WEB_V1_35ce78b4
1769562000,1769562300,TRANSITION,C2-1769562000-TRANSITION,CEBONK_C2_WEB_V1_35ce78b4
1769562300,1769575500,BUY,C2-1769562300-BUY,CEBONK_C2_WEB_V1_35ce78b4
1769575500,1769594400,NEUTRAL,C2-1769575500-NEUTRAL,CEBONK_C2_WEB_V1_35ce78b4
1769594400,1769601000,BUY,C2-1769594400-BUY,CEBONK_C2_WEB_V1_35ce78b4
1769601000,1769619600,NEUTRAL,C2-1769601000-NEUTRAL,CEBONK_C2_WEB_V1_35ce78b4
1769641200,1769706000,NEUTRAL,C2-1769641200-NEUTRAL,CEBONK_C2_WEB_V1_35ce78b4
1769727600,1769792400,NEUTRAL,C2-1769727600-NEUTRAL,CEBONK_C2_WEB_V1_35ce78b4
1769814000,1769820000,NEUTRAL,C2-1769814000-NEUTRAL,CEBONK_C2_WEB_V1_35ce78b4
1769820000,1769838300,BUY,C2-1769820000-BUY,CEBONK_C2_WEB_V1_35ce78b4
1769838300,1769878800,NEUTRAL,C2-1769838300-NEUTRAL,CEBONK_C2_WEB_V1_35ce78b4
1769900400,1769908200,BUY,C2-1769900400-BUY,CEBONK_C2_WEB_V1_35ce78b4
1769908200,1769921100,NEUTRAL,C2-1769908200-NEUTRAL,CEBONK_C2_WEB_V1_35ce78b4
1769921100,1769931300,SELL,C2-1769921100-SELL,CEBONK_C2_WEB_V1_35ce78b4
1769931300,1769940600,NEUTRAL,C2-1769931300-NEUTRAL,CEBONK_C2_WEB_V1_35ce78b4
1769940600,1769953500,SELL,C2-1769940600-SELL,CEBONK_C2_WEB_V1_35ce78b4
1769953500,1769965200,NEUTRAL,C2-1769953500-NEUTRAL,CEBONK_C2_WEB_V1_35ce78b4
1769986800,1769991000,SELL,C2-1769986800-SELL,CEBONK_C2_WEB_V1_35ce78b4
1769991000,1770017700,NEUTRAL,C2-1769991000-NEUTRAL,CEBONK_C2_WEB_V1_35ce78b4
1770017700,1770044100,SELL,C2-1770017700-SELL,CEBONK_C2_WEB_V1_35ce78b4
1770044100,1770051600,NEUTRAL,C2-1770044100-NEUTRAL,CEBONK_C2_WEB_V1_35ce78b4
1770073200,1770075600,SELL,C2-1770073200-SELL,CEBONK_C2_WEB_V1_35ce78b4
1770075600,1770138000,NEUTRAL,C2-1770075600-NEUTRAL,CEBONK_C2_WEB_V1_35ce78b4
1770159600,1770195600,NEUTRAL,C2-1770159600-NEUTRAL,CEBONK_C2_WEB_V1_35ce78b4
1770195600,1770198300,BUY,C2-1770195600-BUY,CEBONK_C2_WEB_V1_35ce78b4
1770198300,1770198600,TRANSITION,C2-1770198300-TRANSITION,CEBONK_C2_WEB_V1_35ce78b4
1770198600,1770224400,NEUTRAL,C2-1770198600-NEUTRAL,CEBONK_C2_WEB_V1_35ce78b4
1770246000,1770267600,NEUTRAL,C2-1770246000-NEUTRAL,CEBONK_C2_WEB_V1_35ce78b4
1770267600,1770267900,TRANSITION,C2-1770267600-TRANSITION,CEBONK_C2_WEB_V1_35ce78b4
1770267900,1770268500,NEUTRAL,C2-1770267900-NEUTRAL,CEBONK_C2_WEB_V1_35ce78b4
1770268500,1770298200,SELL,C2-1770268500-SELL,CEBONK_C2_WEB_V1_35ce78b4
1770298200,1770309600,NEUTRAL,C2-1770298200-NEUTRAL,CEBONK_C2_WEB_V1_35ce78b4
1770309600,1770310500,BUY,C2-1770309600-BUY,CEBONK_C2_WEB_V1_35ce78b4
1770310500,1770310800,TRANSITION,C2-1770310500-TRANSITION,CEBONK_C2_WEB_V1_35ce78b4
1770332400,1770356100,NEUTRAL,C2-1770332400-NEUTRAL,CEBONK_C2_WEB_V1_35ce78b4
1770356100,1770358200,BUY,C2-1770356100-BUY,CEBONK_C2_WEB_V1_35ce78b4
1770358200,1770358500,TRANSITION,C2-1770358200-TRANSITION,CEBONK_C2_WEB_V1_35ce78b4
1770358500,1770387600,NEUTRAL,C2-1770358500-NEUTRAL,CEBONK_C2_WEB_V1_35ce78b4
1770387600,1770397200,SELL,C2-1770387600-SELL,CEBONK_C2_WEB_V1_35ce78b4
1770418800,1770448200,NEUTRAL,C2-1770418800-NEUTRAL,CEBONK_C2_WEB_V1_35ce78b4
1770448200,1770450300,SELL,C2-1770448200-SELL,CEBONK_C2_WEB_V1_35ce78b4
1770450300,1770466200,NEUTRAL,C2-1770450300-NEUTRAL,CEBONK_C2_WEB_V1_35ce78b4
1770466200,1770466500,TRANSITION,C2-1770466200-TRANSITION,CEBONK_C2_WEB_V1_35ce78b4
1770466500,1770478500,NEUTRAL,C2-1770466500-NEUTRAL,CEBONK_C2_WEB_V1_35ce78b4
1770478500,1770483600,SELL,C2-1770478500-SELL,CEBONK_C2_WEB_V1_35ce78b4
1770505200,1770507000,NEUTRAL,C2-1770505200-NEUTRAL,CEBONK_C2_WEB_V1_35ce78b4
1770507000,1770570000,SELL,C2-1770507000-SELL,CEBONK_C2_WEB_V1_35ce78b4
1770591600,1770598800,SELL,C2-1770591600-SELL,CEBONK_C2_WEB_V1_35ce78b4
1770598800,1770609900,NEUTRAL,C2-1770598800-NEUTRAL,CEBONK_C2_WEB_V1_35ce78b4
1770609900,1770610800,BUY,C2-1770609900-BUY,CEBONK_C2_WEB_V1_35ce78b4
1770610800,1770611100,TRANSITION,C2-1770610800-TRANSITION,CEBONK_C2_WEB_V1_35ce78b4
1770611100,1770623700,NEUTRAL,C2-1770611100-NEUTRAL,CEBONK_C2_WEB_V1_35ce78b4
1770623700,1770656100,SELL,C2-1770623700-SELL,CEBONK_C2_WEB_V1_35ce78b4
1770656100,1770656400,NEUTRAL,C2-1770656100-NEUTRAL,CEBONK_C2_WEB_V1_35ce78b4
1770678000,1770697500,SELL,C2-1770678000-SELL,CEBONK_C2_WEB_V1_35ce78b4
1770697500,1770705600,NEUTRAL,C2-1770697500-NEUTRAL,CEBONK_C2_WEB_V1_35ce78b4
1770705600,1770705900,TRANSITION,C2-1770705600-TRANSITION,CEBONK_C2_WEB_V1_35ce78b4
1770705900,1770707400,NEUTRAL,C2-1770705900-NEUTRAL,CEBONK_C2_WEB_V1_35ce78b4
1770707400,1770707700,TRANSITION,C2-1770707400-TRANSITION,CEBONK_C2_WEB_V1_35ce78b4
1770707700,1770742800,NEUTRAL,C2-1770707700-NEUTRAL,CEBONK_C2_WEB_V1_35ce78b4
1770764400,1770769500,SELL,C2-1770764400-SELL,CEBONK_C2_WEB_V1_35ce78b4
1770769500,1770818100,NEUTRAL,C2-1770769500-NEUTRAL,CEBONK_C2_WEB_V1_35ce78b4
1770818100,1770818400,TRANSITION,C2-1770818100-TRANSITION,CEBONK_C2_WEB_V1_35ce78b4
1770818400,1770829200,NEUTRAL,C2-1770818400-NEUTRAL,CEBONK_C2_WEB_V1_35ce78b4
1770850800,1770879900,NEUTRAL,C2-1770850800-NEUTRAL,CEBONK_C2_WEB_V1_35ce78b4
1770879900,1770880200,TRANSITION,C2-1770879900-TRANSITION,CEBONK_C2_WEB_V1_35ce78b4
1770880200,1770911400,NEUTRAL,C2-1770880200-NEUTRAL,CEBONK_C2_WEB_V1_35ce78b4
1770911400,1770915600,SELL,C2-1770911400-SELL,CEBONK_C2_WEB_V1_35ce78b4
1770937200,1770938100,SELL,C2-1770937200-SELL,CEBONK_C2_WEB_V1_35ce78b4
1770938100,1771002000,NEUTRAL,C2-1770938100-NEUTRAL,CEBONK_C2_WEB_V1_35ce78b4
1771023600,1771025100,NEUTRAL,C2-1771023600-NEUTRAL,CEBONK_C2_WEB_V1_35ce78b4
1771025100,1771054800,SELL,C2-1771025100-SELL,CEBONK_C2_WEB_V1_35ce78b4
1771054800,1771059600,NEUTRAL,C2-1771054800-NEUTRAL,CEBONK_C2_WEB_V1_35ce78b4
1771059600,1771088400,SELL,C2-1771059600-SELL,CEBONK_C2_WEB_V1_35ce78b4
1771110000,1771110300,SELL,C2-1771110000-SELL,CEBONK_C2_WEB_V1_35ce78b4
1771110300,1771137600,NEUTRAL,C2-1771110300-NEUTRAL,CEBONK_C2_WEB_V1_35ce78b4
1771137600,1771137900,TRANSITION,C2-1771137600-TRANSITION,CEBONK_C2_WEB_V1_35ce78b4
1771137900,1771146000,NEUTRAL,C2-1771137900-NEUTRAL,CEBONK_C2_WEB_V1_35ce78b4
1771146000,1771174800,SELL,C2-1771146000-SELL,CEBONK_C2_WEB_V1_35ce78b4
1771196400,1771237500,SELL,C2-1771196400-SELL,CEBONK_C2_WEB_V1_35ce78b4
1771237500,1771261200,NEUTRAL,C2-1771237500-NEUTRAL,CEBONK_C2_WEB_V1_35ce78b4
1771282800,1771311900,NEUTRAL,C2-1771282800-NEUTRAL,CEBONK_C2_WEB_V1_35ce78b4
1771311900,1771321800,SELL,C2-1771311900-SELL,CEBONK_C2_WEB_V1_35ce78b4
1771321800,1771330200,NEUTRAL,C2-1771321800-NEUTRAL,CEBONK_C2_WEB_V1_35ce78b4
1771330200,1771330500,TRANSITION,C2-1771330200-TRANSITION,CEBONK_C2_WEB_V1_35ce78b4
1771330500,1771347600,NEUTRAL,C2-1771330500-NEUTRAL,CEBONK_C2_WEB_V1_35ce78b4
1771369200,1771402200,NEUTRAL,C2-1771369200-NEUTRAL,CEBONK_C2_WEB_V1_35ce78b4
1771402200,1771402500,TRANSITION,C2-1771402200-TRANSITION,CEBONK_C2_WEB_V1_35ce78b4
1771402500,1771416900,NEUTRAL,C2-1771402500-NEUTRAL,CEBONK_C2_WEB_V1_35ce78b4
1771416900,1771427100,SELL,C2-1771416900-SELL,CEBONK_C2_WEB_V1_35ce78b4
1771427100,1771434000,NEUTRAL,C2-1771427100-NEUTRAL,CEBONK_C2_WEB_V1_35ce78b4
1771455600,1771468500,NEUTRAL,C2-1771455600-NEUTRAL,CEBONK_C2_WEB_V1_35ce78b4
1771468500,1771504500,SELL,C2-1771468500-SELL,CEBONK_C2_WEB_V1_35ce78b4
1771504500,1771520400,NEUTRAL,C2-1771504500-NEUTRAL,CEBONK_C2_WEB_V1_35ce78b4
1771542000,1771546800,SELL,C2-1771542000-SELL,CEBONK_C2_WEB_V1_35ce78b4
1771546800,1771565700,NEUTRAL,C2-1771546800-NEUTRAL,CEBONK_C2_WEB_V1_35ce78b4
1771565700,1771606800,SELL,C2-1771565700-SELL,CEBONK_C2_WEB_V1_35ce78b4
1771628400,1771662300,SELL,C2-1771628400-SELL,CEBONK_C2_WEB_V1_35ce78b4
1771662300,1771672800,NEUTRAL,C2-1771662300-NEUTRAL,CEBONK_C2_WEB_V1_35ce78b4
1771672800,1771673100,TRANSITION,C2-1771672800-TRANSITION,CEBONK_C2_WEB_V1_35ce78b4
1771673100,1771693200,NEUTRAL,C2-1771673100-NEUTRAL,CEBONK_C2_WEB_V1_35ce78b4
1771714800,1771738500,NEUTRAL,C2-1771714800-NEUTRAL,CEBONK_C2_WEB_V1_35ce78b4
1771738500,1771739400,BUY,C2-1771738500-BUY,CEBONK_C2_WEB_V1_35ce78b4
1771739400,1771739700,TRANSITION,C2-1771739400-TRANSITION,CEBONK_C2_WEB_V1_35ce78b4
1771739700,1771743900,NEUTRAL,C2-1771739700-NEUTRAL,CEBONK_C2_WEB_V1_35ce78b4
1771743900,1771744200,TRANSITION,C2-1771743900-TRANSITION,CEBONK_C2_WEB_V1_35ce78b4
1771744200,1771767600,NEUTRAL,C2-1771744200-NEUTRAL,CEBONK_C2_WEB_V1_35ce78b4
1771767600,1771779600,BUY,C2-1771767600-BUY,CEBONK_C2_WEB_V1_35ce78b4
1771801200,1771802100,NEUTRAL,C2-1771801200-NEUTRAL,CEBONK_C2_WEB_V1_35ce78b4
1771802100,1771822200,BUY,C2-1771802100-BUY,CEBONK_C2_WEB_V1_35ce78b4
1771822200,1771850700,NEUTRAL,C2-1771822200-NEUTRAL,CEBONK_C2_WEB_V1_35ce78b4
1771850700,1771851600,BUY,C2-1771850700-BUY,CEBONK_C2_WEB_V1_35ce78b4
1771851600,1771861800,NEUTRAL,C2-1771851600-NEUTRAL,CEBONK_C2_WEB_V1_35ce78b4
1771861800,1771866000,SELL,C2-1771861800-SELL,CEBONK_C2_WEB_V1_35ce78b4
1771887600,1771902300,NEUTRAL,C2-1771887600-NEUTRAL,CEBONK_C2_WEB_V1_35ce78b4
1771902300,1771909200,BUY,C2-1771902300-BUY,CEBONK_C2_WEB_V1_35ce78b4
1771909200,1771927500,NEUTRAL,C2-1771909200-NEUTRAL,CEBONK_C2_WEB_V1_35ce78b4
1771927500,1771927800,TRANSITION,C2-1771927500-TRANSITION,CEBONK_C2_WEB_V1_35ce78b4
1771927800,1771931100,NEUTRAL,C2-1771927800-NEUTRAL,CEBONK_C2_WEB_V1_35ce78b4
1771931100,1771947600,SELL,C2-1771931100-SELL,CEBONK_C2_WEB_V1_35ce78b4
1771947600,1771952400,NEUTRAL,C2-1771947600-NEUTRAL,CEBONK_C2_WEB_V1_35ce78b4
1771974000,1772001900,NEUTRAL,C2-1771974000-NEUTRAL,CEBONK_C2_WEB_V1_35ce78b4
1772001900,1772038800,SELL,C2-1772001900-SELL,CEBONK_C2_WEB_V1_35ce78b4
1772060400,1772060700,BUY,C2-1772060400-BUY,CEBONK_C2_WEB_V1_35ce78b4
1772060700,1772061000,NEUTRAL,C2-1772060700-NEUTRAL,CEBONK_C2_WEB_V1_35ce78b4
1772061000,1772061300,TRANSITION,C2-1772061000-TRANSITION,CEBONK_C2_WEB_V1_35ce78b4
1772061300,1772071200,NEUTRAL,C2-1772061300-NEUTRAL,CEBONK_C2_WEB_V1_35ce78b4
1772071200,1772123400,SELL,C2-1772071200-SELL,CEBONK_C2_WEB_V1_35ce78b4
1772123400,1772125200,NEUTRAL,C2-1772123400-NEUTRAL,CEBONK_C2_WEB_V1_35ce78b4
1772146800,1772166900,SELL,C2-1772146800-SELL,CEBONK_C2_WEB_V1_35ce78b4
1772166900,1772176800,NEUTRAL,C2-1772166900-NEUTRAL,CEBONK_C2_WEB_V1_35ce78b4
1772176800,1772177100,TRANSITION,C2-1772176800-TRANSITION,CEBONK_C2_WEB_V1_35ce78b4
1772177100,1772184900,NEUTRAL,C2-1772177100-NEUTRAL,CEBONK_C2_WEB_V1_35ce78b4
1772184900,1772207400,SELL,C2-1772184900-SELL,CEBONK_C2_WEB_V1_35ce78b4
1772207400,1772211600,NEUTRAL,C2-1772207400-NEUTRAL,CEBONK_C2_WEB_V1_35ce78b4
1772233200,1772238900,SELL,C2-1772233200-SELL,CEBONK_C2_WEB_V1_35ce78b4
1772238900,1772270400,NEUTRAL,C2-1772238900-NEUTRAL,CEBONK_C2_WEB_V1_35ce78b4
1772270400,1772279400,BUY,C2-1772270400-BUY,CEBONK_C2_WEB_V1_35ce78b4
1772279400,1772285400,NEUTRAL,C2-1772279400-NEUTRAL,CEBONK_C2_WEB_V1_35ce78b4
1772285400,1772298000,SELL,C2-1772285400-SELL,CEBONK_C2_WEB_V1_35ce78b4
1772319600,1772384400,NEUTRAL,C2-1772319600-NEUTRAL,CEBONK_C2_WEB_V1_35ce78b4
1772406000,1772431800,NEUTRAL,C2-1772406000-NEUTRAL,CEBONK_C2_WEB_V1_35ce78b4
1772431800,1772466300,SELL,C2-1772431800-SELL,CEBONK_C2_WEB_V1_35ce78b4
1772466300,1772470800,NEUTRAL,C2-1772466300-NEUTRAL,CEBONK_C2_WEB_V1_35ce78b4
1772492400,1772526000,NEUTRAL,C2-1772492400-NEUTRAL,CEBONK_C2_WEB_V1_35ce78b4
1772526000,1772544600,SELL,C2-1772526000-SELL,CEBONK_C2_WEB_V1_35ce78b4
1772544600,1772551500,NEUTRAL,C2-1772544600-NEUTRAL,CEBONK_C2_WEB_V1_35ce78b4
1772551500,1772554200,BUY,C2-1772551500-BUY,CEBONK_C2_WEB_V1_35ce78b4
1772554200,1772557200,NEUTRAL,C2-1772554200-NEUTRAL,CEBONK_C2_WEB_V1_35ce78b4
1772578800,1772584500,NEUTRAL,C2-1772578800-NEUTRAL,CEBONK_C2_WEB_V1_35ce78b4
1772584500,1772585400,SELL,C2-1772584500-SELL,CEBONK_C2_WEB_V1_35ce78b4
1772585400,1772611800,NEUTRAL,C2-1772585400-NEUTRAL,CEBONK_C2_WEB_V1_35ce78b4
1772611800,1772620800,BUY,C2-1772611800-BUY,CEBONK_C2_WEB_V1_35ce78b4
1772620800,1772635800,NEUTRAL,C2-1772620800-NEUTRAL,CEBONK_C2_WEB_V1_35ce78b4
1772635800,1772636400,BUY,C2-1772635800-BUY,CEBONK_C2_WEB_V1_35ce78b4
1772636400,1772637900,NEUTRAL,C2-1772636400-NEUTRAL,CEBONK_C2_WEB_V1_35ce78b4
1772637900,1772643600,BUY,C2-1772637900-BUY,CEBONK_C2_WEB_V1_35ce78b4
1772665200,1772665800,SELL,C2-1772665200-SELL,CEBONK_C2_WEB_V1_35ce78b4
1772665800,1772666100,TRANSITION,C2-1772665800-TRANSITION,CEBONK_C2_WEB_V1_35ce78b4
1772666100,1772672100,NEUTRAL,C2-1772666100-NEUTRAL,CEBONK_C2_WEB_V1_35ce78b4
1772672100,1772730000,BUY,C2-1772672100-BUY,CEBONK_C2_WEB_V1_35ce78b4
1772751600,1772753400,NEUTRAL,C2-1772751600-NEUTRAL,CEBONK_C2_WEB_V1_35ce78b4
1772753400,1772753700,TRANSITION,C2-1772753400-TRANSITION,CEBONK_C2_WEB_V1_35ce78b4
1772753700,1772764200,NEUTRAL,C2-1772753700-NEUTRAL,CEBONK_C2_WEB_V1_35ce78b4
1772764200,1772816400,BUY,C2-1772764200-BUY,CEBONK_C2_WEB_V1_35ce78b4
1772838000,1772886600,BUY,C2-1772838000-BUY,CEBONK_C2_WEB_V1_35ce78b4
1772886600,1772889900,NEUTRAL,C2-1772886600-NEUTRAL,CEBONK_C2_WEB_V1_35ce78b4
1772889900,1772890200,TRANSITION,C2-1772889900-TRANSITION,CEBONK_C2_WEB_V1_35ce78b4
1772890200,1772902800,NEUTRAL,C2-1772890200-NEUTRAL,CEBONK_C2_WEB_V1_35ce78b4
1772924400,1772951700,NEUTRAL,C2-1772924400-NEUTRAL,CEBONK_C2_WEB_V1_35ce78b4
1772951700,1772989200,BUY,C2-1772951700-BUY,CEBONK_C2_WEB_V1_35ce78b4
1773010800,1773011700,NEUTRAL,C2-1773010800-NEUTRAL,CEBONK_C2_WEB_V1_35ce78b4
1773011700,1773041700,BUY,C2-1773011700-BUY,CEBONK_C2_WEB_V1_35ce78b4
1773041700,1773056400,NEUTRAL,C2-1773041700-NEUTRAL,CEBONK_C2_WEB_V1_35ce78b4
1773056400,1773056700,TRANSITION,C2-1773056400-TRANSITION,CEBONK_C2_WEB_V1_35ce78b4
1773056700,1773066900,NEUTRAL,C2-1773056700-NEUTRAL,CEBONK_C2_WEB_V1_35ce78b4
1773066900,1773075600,BUY,C2-1773066900-BUY,CEBONK_C2_WEB_V1_35ce78b4
1773097200,1773112800,BUY,C2-1773097200-BUY,CEBONK_C2_WEB_V1_35ce78b4
1773112800,1773114300,NEUTRAL,C2-1773112800-NEUTRAL,CEBONK_C2_WEB_V1_35ce78b4
1773114300,1773114600,TRANSITION,C2-1773114300-TRANSITION,CEBONK_C2_WEB_V1_35ce78b4
1773114600,1773121200,NEUTRAL,C2-1773114600-NEUTRAL,CEBONK_C2_WEB_V1_35ce78b4
1773121200,1773153900,BUY,C2-1773121200-BUY,CEBONK_C2_WEB_V1_35ce78b4
1773153900,1773162000,NEUTRAL,C2-1773153900-NEUTRAL,CEBONK_C2_WEB_V1_35ce78b4
1773183600,1773214800,NEUTRAL,C2-1773183600-NEUTRAL,CEBONK_C2_WEB_V1_35ce78b4
1773214800,1773228600,SELL,C2-1773214800-SELL,CEBONK_C2_WEB_V1_35ce78b4
1773228600,1773248400,NEUTRAL,C2-1773228600-NEUTRAL,CEBONK_C2_WEB_V1_35ce78b4
1773270000,1773295800,NEUTRAL,C2-1773270000-NEUTRAL,CEBONK_C2_WEB_V1_35ce78b4
1773295800,1773318300,SELL,C2-1773295800-SELL,CEBONK_C2_WEB_V1_35ce78b4
1773318300,1773334800,NEUTRAL,C2-1773318300-NEUTRAL,CEBONK_C2_WEB_V1_35ce78b4
1773356400,1773386700,NEUTRAL,C2-1773356400-NEUTRAL,CEBONK_C2_WEB_V1_35ce78b4
1773386700,1773405300,SELL,C2-1773386700-SELL,CEBONK_C2_WEB_V1_35ce78b4
1773405300,1773421200,NEUTRAL,C2-1773405300-NEUTRAL,CEBONK_C2_WEB_V1_35ce78b4
1773442800,1773451500,NEUTRAL,C2-1773442800-NEUTRAL,CEBONK_C2_WEB_V1_35ce78b4
1773451500,1773458700,BUY,C2-1773451500-BUY,CEBONK_C2_WEB_V1_35ce78b4
1773458700,1773486300,NEUTRAL,C2-1773458700-NEUTRAL,CEBONK_C2_WEB_V1_35ce78b4
1773486300,1773488700,BUY,C2-1773486300-BUY,CEBONK_C2_WEB_V1_35ce78b4
1773488700,1773507600,NEUTRAL,C2-1773488700-NEUTRAL,CEBONK_C2_WEB_V1_35ce78b4
1773529200,1773576000,NEUTRAL,C2-1773529200-NEUTRAL,CEBONK_C2_WEB_V1_35ce78b4
1773576000,1773579000,BUY,C2-1773576000-BUY,CEBONK_C2_WEB_V1_35ce78b4
1773579000,1773594000,NEUTRAL,C2-1773579000-NEUTRAL,CEBONK_C2_WEB_V1_35ce78b4
1773615600,1773680400,NEUTRAL,C2-1773615600-NEUTRAL,CEBONK_C2_WEB_V1_35ce78b4
1773702000,1773766800,NEUTRAL,C2-1773702000-NEUTRAL,CEBONK_C2_WEB_V1_35ce78b4
1773788400,1773794100,NEUTRAL,C2-1773788400-NEUTRAL,CEBONK_C2_WEB_V1_35ce78b4
1773794100,1773805200,BUY,C2-1773794100-BUY,CEBONK_C2_WEB_V1_35ce78b4
1773805200,1773853200,NEUTRAL,C2-1773805200-NEUTRAL,CEBONK_C2_WEB_V1_35ce78b4
1773874800,1773892200,BUY,C2-1773874800-BUY,CEBONK_C2_WEB_V1_35ce78b4
1773892200,1773920100,NEUTRAL,C2-1773892200-NEUTRAL,CEBONK_C2_WEB_V1_35ce78b4
1773920100,1773933000,BUY,C2-1773920100-BUY,CEBONK_C2_WEB_V1_35ce78b4
1773933000,1773939600,NEUTRAL,C2-1773933000-NEUTRAL,CEBONK_C2_WEB_V1_35ce78b4
1773961200,1773977700,BUY,C2-1773961200-BUY,CEBONK_C2_WEB_V1_35ce78b4
1773977700,1773986400,NEUTRAL,C2-1773977700-NEUTRAL,CEBONK_C2_WEB_V1_35ce78b4
1773986400,1773986700,TRANSITION,C2-1773986400-TRANSITION,CEBONK_C2_WEB_V1_35ce78b4
1773986700,1773988800,NEUTRAL,C2-1773986700-NEUTRAL,CEBONK_C2_WEB_V1_35ce78b4
1773988800,1774026000,BUY,C2-1773988800-BUY,CEBONK_C2_WEB_V1_35ce78b4
1774047600,1774112400,BUY,C2-1774047600-BUY,CEBONK_C2_WEB_V1_35ce78b4
1774134000,1774198800,BUY,C2-1774134000-BUY,CEBONK_C2_WEB_V1_35ce78b4
1774220400,1774285200,BUY,C2-1774220400-BUY,CEBONK_C2_WEB_V1_35ce78b4
1774306800,1774308900,NEUTRAL,C2-1774306800-NEUTRAL,CEBONK_C2_WEB_V1_35ce78b4
1774308900,1774350300,BUY,C2-1774308900-BUY,CEBONK_C2_WEB_V1_35ce78b4
1774350300,1774358100,NEUTRAL,C2-1774350300-NEUTRAL,CEBONK_C2_WEB_V1_35ce78b4
1774358100,1774358400,TRANSITION,C2-1774358100-TRANSITION,CEBONK_C2_WEB_V1_35ce78b4
1774358400,1774364100,NEUTRAL,C2-1774358400-NEUTRAL,CEBONK_C2_WEB_V1_35ce78b4
1774364100,1774371600,BUY,C2-1774364100-BUY,CEBONK_C2_WEB_V1_35ce78b4
1774393200,1774458000,BUY,C2-1774393200-BUY,CEBONK_C2_WEB_V1_35ce78b4
1774479600,1774544400,BUY,C2-1774479600-BUY,CEBONK_C2_WEB_V1_35ce78b4
1774566000,1774586400,BUY,C2-1774566000-BUY,CEBONK_C2_WEB_V1_35ce78b4
1774586400,1774595100,NEUTRAL,C2-1774586400-NEUTRAL,CEBONK_C2_WEB_V1_35ce78b4
1774595100,1774595400,TRANSITION,C2-1774595100-TRANSITION,CEBONK_C2_WEB_V1_35ce78b4
1774595400,1774601400,NEUTRAL,C2-1774595400-NEUTRAL,CEBONK_C2_WEB_V1_35ce78b4
1774601400,1774630800,BUY,C2-1774601400-BUY,CEBONK_C2_WEB_V1_35ce78b4
1774652400,1774653000,BUY,C2-1774652400-BUY,CEBONK_C2_WEB_V1_35ce78b4
1774653000,1774653300,TRANSITION,C2-1774653000-TRANSITION,CEBONK_C2_WEB_V1_35ce78b4
1774653300,1774653600,NEUTRAL,C2-1774653300-NEUTRAL,CEBONK_C2_WEB_V1_35ce78b4
1774653600,1774717200,BUY,C2-1774653600-BUY,CEBONK_C2_WEB_V1_35ce78b4
1774738800,1774803600,BUY,C2-1774738800-BUY,CEBONK_C2_WEB_V1_35ce78b4
1774825200,1774883400,BUY,C2-1774825200-BUY,CEBONK_C2_WEB_V1_35ce78b4
1774883400,1774890000,NEUTRAL,C2-1774883400-NEUTRAL,CEBONK_C2_WEB_V1_35ce78b4
1774911600,1774948800,BUY,C2-1774911600-BUY,CEBONK_C2_WEB_V1_35ce78b4
1774948800,1774962300,NEUTRAL,C2-1774948800-NEUTRAL,CEBONK_C2_WEB_V1_35ce78b4
1774962300,1774963800,SELL,C2-1774962300-SELL,CEBONK_C2_WEB_V1_35ce78b4
1774963800,1774964100,TRANSITION,C2-1774963800-TRANSITION,CEBONK_C2_WEB_V1_35ce78b4
1774964100,1774976400,NEUTRAL,C2-1774964100-NEUTRAL,CEBONK_C2_WEB_V1_35ce78b4
1774998000,1775015100,BUY,C2-1774998000-BUY,CEBONK_C2_WEB_V1_35ce78b4
1775015100,1775037900,NEUTRAL,C2-1775015100-NEUTRAL,CEBONK_C2_WEB_V1_35ce78b4
1775037900,1775047800,BUY,C2-1775037900-BUY,CEBONK_C2_WEB_V1_35ce78b4
1775047800,1775048100,TRANSITION,C2-1775047800-TRANSITION,CEBONK_C2_WEB_V1_35ce78b4
1775048100,1775050500,NEUTRAL,C2-1775048100-NEUTRAL,CEBONK_C2_WEB_V1_35ce78b4
1775050500,1775050800,TRANSITION,C2-1775050500-TRANSITION,CEBONK_C2_WEB_V1_35ce78b4
1775050800,1775062200,NEUTRAL,C2-1775050800-NEUTRAL,CEBONK_C2_WEB_V1_35ce78b4
1775062200,1775062800,BUY,C2-1775062200-BUY,CEBONK_C2_WEB_V1_35ce78b4
1775084400,1775095500,NEUTRAL,C2-1775084400-NEUTRAL,CEBONK_C2_WEB_V1_35ce78b4
1775095500,1775096400,SELL,C2-1775095500-SELL,CEBONK_C2_WEB_V1_35ce78b4
1775096400,1775096700,TRANSITION,C2-1775096400-TRANSITION,CEBONK_C2_WEB_V1_35ce78b4
1775096700,1775120700,NEUTRAL,C2-1775096700-NEUTRAL,CEBONK_C2_WEB_V1_35ce78b4
1775120700,1775121000,TRANSITION,C2-1775120700-TRANSITION,CEBONK_C2_WEB_V1_35ce78b4
1775121000,1775128800,NEUTRAL,C2-1775121000-NEUTRAL,CEBONK_C2_WEB_V1_35ce78b4
1775128800,1775149200,BUY,C2-1775128800-BUY,CEBONK_C2_WEB_V1_35ce78b4
1775170800,1775221500,BUY,C2-1775170800-BUY,CEBONK_C2_WEB_V1_35ce78b4
1775221500,1775235600,NEUTRAL,C2-1775221500-NEUTRAL,CEBONK_C2_WEB_V1_35ce78b4
1775257200,1775265900,SELL,C2-1775257200-SELL,CEBONK_C2_WEB_V1_35ce78b4
1775265900,1775322000,NEUTRAL,C2-1775265900-NEUTRAL,CEBONK_C2_WEB_V1_35ce78b4
1775343600,1775373300,NEUTRAL,C2-1775343600-NEUTRAL,CEBONK_C2_WEB_V1_35ce78b4
1775373300,1775395200,SELL,C2-1775373300-SELL,CEBONK_C2_WEB_V1_35ce78b4
1775395200,1775408400,NEUTRAL,C2-1775395200-NEUTRAL,CEBONK_C2_WEB_V1_35ce78b4
1775430000,1775438700,SELL,C2-1775430000-SELL,CEBONK_C2_WEB_V1_35ce78b4
1775438700,1775467200,NEUTRAL,C2-1775438700-NEUTRAL,CEBONK_C2_WEB_V1_35ce78b4
1775467200,1775480700,BUY,C2-1775467200-BUY,CEBONK_C2_WEB_V1_35ce78b4
1775480700,1775494800,NEUTRAL,C2-1775480700-NEUTRAL,CEBONK_C2_WEB_V1_35ce78b4
1775516400,1775548800,NEUTRAL,C2-1775516400-NEUTRAL,CEBONK_C2_WEB_V1_35ce78b4
1775548800,1775569500,BUY,C2-1775548800-BUY,CEBONK_C2_WEB_V1_35ce78b4
1775569500,1775581200,NEUTRAL,C2-1775569500-NEUTRAL,CEBONK_C2_WEB_V1_35ce78b4
1775602800,1775630100,BUY,C2-1775602800-BUY,CEBONK_C2_WEB_V1_35ce78b4
1775630100,1775642400,NEUTRAL,C2-1775630100-NEUTRAL,CEBONK_C2_WEB_V1_35ce78b4
1775642400,1775642700,TRANSITION,C2-1775642400-TRANSITION,CEBONK_C2_WEB_V1_35ce78b4
1775642700,1775652300,NEUTRAL,C2-1775642700-NEUTRAL,CEBONK_C2_WEB_V1_35ce78b4
1775652300,1775663400,BUY,C2-1775652300-BUY,CEBONK_C2_WEB_V1_35ce78b4
1775663400,1775667600,NEUTRAL,C2-1775663400-NEUTRAL,CEBONK_C2_WEB_V1_35ce78b4
1775689200,1775697000,NEUTRAL,C2-1775689200-NEUTRAL,CEBONK_C2_WEB_V1_35ce78b4
1775697000,1775697900,SELL,C2-1775697000-SELL,CEBONK_C2_WEB_V1_35ce78b4
1775697900,1775698200,TRANSITION,C2-1775697900-TRANSITION,CEBONK_C2_WEB_V1_35ce78b4
1775698200,1775711100,NEUTRAL,C2-1775698200-NEUTRAL,CEBONK_C2_WEB_V1_35ce78b4
1775711100,1775752800,BUY,C2-1775711100-BUY,CEBONK_C2_WEB_V1_35ce78b4
1775752800,1775754000,NEUTRAL,C2-1775752800-NEUTRAL,CEBONK_C2_WEB_V1_35ce78b4
1775775600,1775794800,NEUTRAL,C2-1775775600-NEUTRAL,CEBONK_C2_WEB_V1_35ce78b4
1775794800,1775797200,SELL,C2-1775794800-SELL,CEBONK_C2_WEB_V1_35ce78b4
1775797200,1775797500,TRANSITION,C2-1775797200-TRANSITION,CEBONK_C2_WEB_V1_35ce78b4
1775797500,1775814600,NEUTRAL,C2-1775797500-NEUTRAL,CEBONK_C2_WEB_V1_35ce78b4
1775814600,1775825100,BUY,C2-1775814600-BUY,CEBONK_C2_WEB_V1_35ce78b4
1775825100,1775840400,NEUTRAL,C2-1775825100-NEUTRAL,CEBONK_C2_WEB_V1_35ce78b4
1775862000,1775884200,BUY,C2-1775862000-BUY,CEBONK_C2_WEB_V1_35ce78b4
1775884200,1775910300,NEUTRAL,C2-1775884200-NEUTRAL,CEBONK_C2_WEB_V1_35ce78b4
1775910300,1775915100,BUY,C2-1775910300-BUY,CEBONK_C2_WEB_V1_35ce78b4
1775915100,1775926800,NEUTRAL,C2-1775915100-NEUTRAL,CEBONK_C2_WEB_V1_35ce78b4
1775948400,1775967000,NEUTRAL,C2-1775948400-NEUTRAL,CEBONK_C2_WEB_V1_35ce78b4
1775967000,1775975700,SELL,C2-1775967000-SELL,CEBONK_C2_WEB_V1_35ce78b4
1775975700,1776013200,NEUTRAL,C2-1775975700-NEUTRAL,CEBONK_C2_WEB_V1_35ce78b4
1776034800,1776073200,NEUTRAL,C2-1776034800-NEUTRAL,CEBONK_C2_WEB_V1_35ce78b4
1776073200,1776073500,TRANSITION,C2-1776073200-TRANSITION,CEBONK_C2_WEB_V1_35ce78b4
1776073500,1776099600,NEUTRAL,C2-1776073500-NEUTRAL,CEBONK_C2_WEB_V1_35ce78b4
1776121200,1776170100,NEUTRAL,C2-1776121200-NEUTRAL,CEBONK_C2_WEB_V1_35ce78b4
1776170100,1776186000,BUY,C2-1776170100-BUY,CEBONK_C2_WEB_V1_35ce78b4
1776207600,1776250800,NEUTRAL,C2-1776207600-NEUTRAL,CEBONK_C2_WEB_V1_35ce78b4
1776250800,1776272400,BUY,C2-1776250800-BUY,CEBONK_C2_WEB_V1_35ce78b4
1776294000,1776300600,BUY,C2-1776294000-BUY,CEBONK_C2_WEB_V1_35ce78b4
1776300600,1776318000,NEUTRAL,C2-1776300600-NEUTRAL,CEBONK_C2_WEB_V1_35ce78b4
1776318000,1776355500,BUY,C2-1776318000-BUY,CEBONK_C2_WEB_V1_35ce78b4
1776355500,1776358800,NEUTRAL,C2-1776355500-NEUTRAL,CEBONK_C2_WEB_V1_35ce78b4
1776380400,1776419100,NEUTRAL,C2-1776380400-NEUTRAL,CEBONK_C2_WEB_V1_35ce78b4
1776419100,1776431400,BUY,C2-1776419100-BUY,CEBONK_C2_WEB_V1_35ce78b4
1776431400,1776445200,NEUTRAL,C2-1776431400-NEUTRAL,CEBONK_C2_WEB_V1_35ce78b4
1776466800,1776479700,SELL,C2-1776466800-SELL,CEBONK_C2_WEB_V1_35ce78b4
1776479700,1776531600,NEUTRAL,C2-1776479700-NEUTRAL,CEBONK_C2_WEB_V1_35ce78b4
1776553200,1776576600,SELL,C2-1776553200-SELL,CEBONK_C2_WEB_V1_35ce78b4
1776576600,1776581700,NEUTRAL,C2-1776576600-NEUTRAL,CEBONK_C2_WEB_V1_35ce78b4
1776581700,1776582000,TRANSITION,C2-1776581700-TRANSITION,CEBONK_C2_WEB_V1_35ce78b4
1776582000,1776582300,NEUTRAL,C2-1776582000-NEUTRAL,CEBONK_C2_WEB_V1_35ce78b4
1776582300,1776618000,SELL,C2-1776582300-SELL,CEBONK_C2_WEB_V1_35ce78b4
1776639600,1776654600,SELL,C2-1776639600-SELL,CEBONK_C2_WEB_V1_35ce78b4
1776654600,1776661800,NEUTRAL,C2-1776654600-NEUTRAL,CEBONK_C2_WEB_V1_35ce78b4
1776661800,1776662100,TRANSITION,C2-1776661800-TRANSITION,CEBONK_C2_WEB_V1_35ce78b4
1776662100,1776662700,NEUTRAL,C2-1776662100-NEUTRAL,CEBONK_C2_WEB_V1_35ce78b4
1776662700,1776663000,TRANSITION,C2-1776662700-TRANSITION,CEBONK_C2_WEB_V1_35ce78b4
1776663000,1776665100,NEUTRAL,C2-1776663000-NEUTRAL,CEBONK_C2_WEB_V1_35ce78b4
1776665100,1776704400,SELL,C2-1776665100-SELL,CEBONK_C2_WEB_V1_35ce78b4
1776726000,1776790800,SELL,C2-1776726000-SELL,CEBONK_C2_WEB_V1_35ce78b4
1776812400,1776864900,SELL,C2-1776812400-SELL,CEBONK_C2_WEB_V1_35ce78b4
1776864900,1776877200,NEUTRAL,C2-1776864900-NEUTRAL,CEBONK_C2_WEB_V1_35ce78b4
1776898800,1776903000,BUY,C2-1776898800-BUY,CEBONK_C2_WEB_V1_35ce78b4
1776903000,1776963300,NEUTRAL,C2-1776903000-NEUTRAL,CEBONK_C2_WEB_V1_35ce78b4
1776963300,1776963600,BUY,C2-1776963300-BUY,CEBONK_C2_WEB_V1_35ce78b4
1776985200,1776995100,NEUTRAL,C2-1776985200-NEUTRAL,CEBONK_C2_WEB_V1_35ce78b4
1776995100,1777014600,SELL,C2-1776995100-SELL,CEBONK_C2_WEB_V1_35ce78b4
1777014600,1777021800,NEUTRAL,C2-1777014600-NEUTRAL,CEBONK_C2_WEB_V1_35ce78b4
1777021800,1777028100,BUY,C2-1777021800-BUY,CEBONK_C2_WEB_V1_35ce78b4
1777028100,1777044300,NEUTRAL,C2-1777028100-NEUTRAL,CEBONK_C2_WEB_V1_35ce78b4
1777044300,1777046400,BUY,C2-1777044300-BUY,CEBONK_C2_WEB_V1_35ce78b4
1777046400,1777046700,TRANSITION,C2-1777046400-TRANSITION,CEBONK_C2_WEB_V1_35ce78b4
1777046700,1777050000,NEUTRAL,C2-1777046700-NEUTRAL,CEBONK_C2_WEB_V1_35ce78b4
1777071600,1777080900,NEUTRAL,C2-1777071600-NEUTRAL,CEBONK_C2_WEB_V1_35ce78b4
1777080900,1777136400,SELL,C2-1777080900-SELL,CEBONK_C2_WEB_V1_35ce78b4
1777158000,1777195800,SELL,C2-1777158000-SELL,CEBONK_C2_WEB_V1_35ce78b4
1777195800,1777206900,NEUTRAL,C2-1777195800-NEUTRAL,CEBONK_C2_WEB_V1_35ce78b4
1777206900,1777207500,BUY,C2-1777206900-BUY,CEBONK_C2_WEB_V1_35ce78b4
1777207500,1777207800,TRANSITION,C2-1777207500-TRANSITION,CEBONK_C2_WEB_V1_35ce78b4
1777207800,1777219200,NEUTRAL,C2-1777207800-NEUTRAL,CEBONK_C2_WEB_V1_35ce78b4
1777219200,1777222800,SELL,C2-1777219200-SELL,CEBONK_C2_WEB_V1_35ce78b4
1777244400,1777283400,NEUTRAL,C2-1777244400-NEUTRAL,CEBONK_C2_WEB_V1_35ce78b4
1777283400,1777294500,BUY,C2-1777283400-BUY,CEBONK_C2_WEB_V1_35ce78b4
1777294500,1777309200,NEUTRAL,C2-1777294500-NEUTRAL,CEBONK_C2_WEB_V1_35ce78b4
1777330800,1777381800,BUY,C2-1777330800-BUY,CEBONK_C2_WEB_V1_35ce78b4
1777381800,1777390200,NEUTRAL,C2-1777381800-NEUTRAL,CEBONK_C2_WEB_V1_35ce78b4
1777390200,1777395600,BUY,C2-1777390200-BUY,CEBONK_C2_WEB_V1_35ce78b4
1777417200,1777417800,BUY,C2-1777417200-BUY,CEBONK_C2_WEB_V1_35ce78b4
1777417800,1777426200,NEUTRAL,C2-1777417800-NEUTRAL,CEBONK_C2_WEB_V1_35ce78b4
1777426200,1777428900,SELL,C2-1777426200-SELL,CEBONK_C2_WEB_V1_35ce78b4
1777428900,1777429200,TRANSITION,C2-1777428900-TRANSITION,CEBONK_C2_WEB_V1_35ce78b4
1777429200,1777468800,NEUTRAL,C2-1777429200-NEUTRAL,CEBONK_C2_WEB_V1_35ce78b4
1777468800,1777474800,SELL,C2-1777468800-SELL,CEBONK_C2_WEB_V1_35ce78b4
1777474800,1777482000,NEUTRAL,C2-1777474800-NEUTRAL,CEBONK_C2_WEB_V1_35ce78b4
1777503600,1777537500,NEUTRAL,C2-1777503600-NEUTRAL,CEBONK_C2_WEB_V1_35ce78b4
1777537500,1777539600,SELL,C2-1777537500-SELL,CEBONK_C2_WEB_V1_35ce78b4
1777539600,1777568400,NEUTRAL,C2-1777539600-NEUTRAL,CEBONK_C2_WEB_V1_35ce78b4
1777590000,1777615200,NEUTRAL,C2-1777590000-NEUTRAL,CEBONK_C2_WEB_V1_35ce78b4
1777615200,1777615500,TRANSITION,C2-1777615200-TRANSITION,CEBONK_C2_WEB_V1_35ce78b4
1777615500,1777626000,NEUTRAL,C2-1777615500-NEUTRAL,CEBONK_C2_WEB_V1_35ce78b4
1777626000,1777642800,BUY,C2-1777626000-BUY,CEBONK_C2_WEB_V1_35ce78b4
1777642800,1777654800,NEUTRAL,C2-1777642800-NEUTRAL,CEBONK_C2_WEB_V1_35ce78b4
1777676400,1777686900,BUY,C2-1777676400-BUY,CEBONK_C2_WEB_V1_35ce78b4
1777686900,1777698600,NEUTRAL,C2-1777686900-NEUTRAL,CEBONK_C2_WEB_V1_35ce78b4
1777698600,1777721400,BUY,C2-1777698600-BUY,CEBONK_C2_WEB_V1_35ce78b4
1777721400,1777741200,NEUTRAL,C2-1777721400-NEUTRAL,CEBONK_C2_WEB_V1_35ce78b4
1777762800,1777780500,NEUTRAL,C2-1777762800-NEUTRAL,CEBONK_C2_WEB_V1_35ce78b4
1777780500,1777805100,SELL,C2-1777780500-SELL,CEBONK_C2_WEB_V1_35ce78b4
1777805100,1777827600,NEUTRAL,C2-1777805100-NEUTRAL,CEBONK_C2_WEB_V1_35ce78b4
1777849200,1777859400,NEUTRAL,C2-1777849200-NEUTRAL,CEBONK_C2_WEB_V1_35ce78b4
1777859400,1777859700,TRANSITION,C2-1777859400-TRANSITION,CEBONK_C2_WEB_V1_35ce78b4
1777859700,1777865100,NEUTRAL,C2-1777859700-NEUTRAL,CEBONK_C2_WEB_V1_35ce78b4
1777865100,1777914000,SELL,C2-1777865100-SELL,CEBONK_C2_WEB_V1_35ce78b4
1777935600,1778000400,SELL,C2-1777935600-SELL,CEBONK_C2_WEB_V1_35ce78b4
1778022000,1778048400,SELL,C2-1778022000-SELL,CEBONK_C2_WEB_V1_35ce78b4
1778048400,1778061300,NEUTRAL,C2-1778048400-NEUTRAL,CEBONK_C2_WEB_V1_35ce78b4
1778061300,1778086800,SELL,C2-1778061300-SELL,CEBONK_C2_WEB_V1_35ce78b4
1778108400,1778126100,NEUTRAL,C2-1778108400-NEUTRAL,CEBONK_C2_WEB_V1_35ce78b4
1778126100,1778129700,BUY,C2-1778126100-BUY,CEBONK_C2_WEB_V1_35ce78b4
1778129700,1778130000,TRANSITION,C2-1778129700-TRANSITION,CEBONK_C2_WEB_V1_35ce78b4
1778130000,1778141400,NEUTRAL,C2-1778130000-NEUTRAL,CEBONK_C2_WEB_V1_35ce78b4
1778141400,1778172600,SELL,C2-1778141400-SELL,CEBONK_C2_WEB_V1_35ce78b4
1778172600,1778173200,NEUTRAL,C2-1778172600-NEUTRAL,CEBONK_C2_WEB_V1_35ce78b4
1778194800,1778227200,NEUTRAL,C2-1778194800-NEUTRAL,CEBONK_C2_WEB_V1_35ce78b4
1778227200,1778231400,BUY,C2-1778227200-BUY,CEBONK_C2_WEB_V1_35ce78b4
1778231400,1778259600,NEUTRAL,C2-1778231400-NEUTRAL,CEBONK_C2_WEB_V1_35ce78b4
1778281200,1778290200,NEUTRAL,C2-1778281200-NEUTRAL,CEBONK_C2_WEB_V1_35ce78b4
1778290200,1778300700,BUY,C2-1778290200-BUY,CEBONK_C2_WEB_V1_35ce78b4
1778300700,1778346000,NEUTRAL,C2-1778300700-NEUTRAL,CEBONK_C2_WEB_V1_35ce78b4
1778367600,1778376000,NEUTRAL,C2-1778367600-NEUTRAL,CEBONK_C2_WEB_V1_35ce78b4
1778376000,1778432400,BUY,C2-1778376000-BUY,CEBONK_C2_WEB_V1_35ce78b4
1778454000,1778518800,BUY,C2-1778454000-BUY,CEBONK_C2_WEB_V1_35ce78b4
1778540400,1778545200,NEUTRAL,C2-1778540400-NEUTRAL,CEBONK_C2_WEB_V1_35ce78b4
1778545200,1778579100,BUY,C2-1778545200-BUY,CEBONK_C2_WEB_V1_35ce78b4
1778579100,1778580900,NEUTRAL,C2-1778579100-NEUTRAL,CEBONK_C2_WEB_V1_35ce78b4
1778580900,1778581200,TRANSITION,C2-1778580900-TRANSITION,CEBONK_C2_WEB_V1_35ce78b4
1778581200,1778605200,NEUTRAL,C2-1778581200-NEUTRAL,CEBONK_C2_WEB_V1_35ce78b4
1778626800,1778676000,BUY,C2-1778626800-BUY,CEBONK_C2_WEB_V1_35ce78b4
1778676000,1778691600,NEUTRAL,C2-1778676000-NEUTRAL,CEBONK_C2_WEB_V1_35ce78b4
1778713200,1778757600,NEUTRAL,C2-1778713200-NEUTRAL,CEBONK_C2_WEB_V1_35ce78b4
1778757600,1778759400,SELL,C2-1778757600-SELL,CEBONK_C2_WEB_V1_35ce78b4
1778759400,1778759700,TRANSITION,C2-1778759400-TRANSITION,CEBONK_C2_WEB_V1_35ce78b4
1778759700,1778770500,NEUTRAL,C2-1778759700-NEUTRAL,CEBONK_C2_WEB_V1_35ce78b4
1778770500,1778778000,BUY,C2-1778770500-BUY,CEBONK_C2_WEB_V1_35ce78b4
1778799600,1778843100,NEUTRAL,C2-1778799600-NEUTRAL,CEBONK_C2_WEB_V1_35ce78b4
1778843100,1778844900,SELL,C2-1778843100-SELL,CEBONK_C2_WEB_V1_35ce78b4
1778844900,1778845200,TRANSITION,C2-1778844900-TRANSITION,CEBONK_C2_WEB_V1_35ce78b4
1778845200,1778864400,NEUTRAL,C2-1778845200-NEUTRAL,CEBONK_C2_WEB_V1_35ce78b4
1778886000,1778928000,NEUTRAL,C2-1778886000-NEUTRAL,CEBONK_C2_WEB_V1_35ce78b4
1778928000,1778942400,BUY,C2-1778928000-BUY,CEBONK_C2_WEB_V1_35ce78b4
1778942400,1778950800,NEUTRAL,C2-1778942400-NEUTRAL,CEBONK_C2_WEB_V1_35ce78b4
1778972400,1778985300,BUY,C2-1778972400-BUY,CEBONK_C2_WEB_V1_35ce78b4
1778985300,1778997900,NEUTRAL,C2-1778985300-NEUTRAL,CEBONK_C2_WEB_V1_35ce78b4
1778997900,1779026100,BUY,C2-1778997900-BUY,CEBONK_C2_WEB_V1_35ce78b4
1779026100,1779036900,NEUTRAL,C2-1779026100-NEUTRAL,CEBONK_C2_WEB_V1_35ce78b4
1779036900,1779037200,BUY,C2-1779036900-BUY,CEBONK_C2_WEB_V1_35ce78b4
1779058800,1779064200,NEUTRAL,C2-1779058800-NEUTRAL,CEBONK_C2_WEB_V1_35ce78b4
1779064200,1779123600,BUY,C2-1779064200-BUY,CEBONK_C2_WEB_V1_35ce78b4
1779145200,1779210000,BUY,C2-1779145200-BUY,CEBONK_C2_WEB_V1_35ce78b4
1779231600,1779296400,BUY,C2-1779231600-BUY,CEBONK_C2_WEB_V1_35ce78b4
1779318000,1779323100,NEUTRAL,C2-1779318000-NEUTRAL,CEBONK_C2_WEB_V1_35ce78b4
1779323100,1779336300,BUY,C2-1779323100-BUY,CEBONK_C2_WEB_V1_35ce78b4
1779336300,1779342600,NEUTRAL,C2-1779336300-NEUTRAL,CEBONK_C2_WEB_V1_35ce78b4
1779342600,1779342900,TRANSITION,C2-1779342600-TRANSITION,CEBONK_C2_WEB_V1_35ce78b4
1779342900,1779354600,NEUTRAL,C2-1779342900-NEUTRAL,CEBONK_C2_WEB_V1_35ce78b4
1779354600,1779355500,BUY,C2-1779354600-BUY,CEBONK_C2_WEB_V1_35ce78b4
1779355500,1779362400,NEUTRAL,C2-1779355500-NEUTRAL,CEBONK_C2_WEB_V1_35ce78b4
1779362400,1779368700,SELL,C2-1779362400-SELL,CEBONK_C2_WEB_V1_35ce78b4
1779368700,1779382800,NEUTRAL,C2-1779368700-NEUTRAL,CEBONK_C2_WEB_V1_35ce78b4
1779404400,1779407400,BUY,C2-1779404400-BUY,CEBONK_C2_WEB_V1_35ce78b4
1779407400,1779455100,NEUTRAL,C2-1779407400-NEUTRAL,CEBONK_C2_WEB_V1_35ce78b4
1779455100,1779469200,BUY,C2-1779455100-BUY,CEBONK_C2_WEB_V1_35ce78b4
1779490800,1779525300,NEUTRAL,C2-1779490800-NEUTRAL,CEBONK_C2_WEB_V1_35ce78b4
1779525300,1779535200,SELL,C2-1779525300-SELL,CEBONK_C2_WEB_V1_35ce78b4
1779535200,1779535500,TRANSITION,C2-1779535200-TRANSITION,CEBONK_C2_WEB_V1_35ce78b4
1779535500,1779540300,NEUTRAL,C2-1779535500-NEUTRAL,CEBONK_C2_WEB_V1_35ce78b4
1779540300,1779555600,BUY,C2-1779540300-BUY,CEBONK_C2_WEB_V1_35ce78b4
1779577200,1779642000,NEUTRAL,C2-1779577200-NEUTRAL,CEBONK_C2_WEB_V1_35ce78b4
1779663600,1779680400,BUY,C2-1779663600-BUY,CEBONK_C2_WEB_V1_35ce78b4
1779680400,1779724800,NEUTRAL,C2-1779680400-NEUTRAL,CEBONK_C2_WEB_V1_35ce78b4
1779724800,1779728400,BUY,C2-1779724800-BUY,CEBONK_C2_WEB_V1_35ce78b4
1779750000,1779764700,BUY,C2-1779750000-BUY,CEBONK_C2_WEB_V1_35ce78b4
1779764700,1779773400,NEUTRAL,C2-1779764700-NEUTRAL,CEBONK_C2_WEB_V1_35ce78b4
1779773400,1779775200,SELL,C2-1779773400-SELL,CEBONK_C2_WEB_V1_35ce78b4
1779775200,1779775500,TRANSITION,C2-1779775200-TRANSITION,CEBONK_C2_WEB_V1_35ce78b4
1779775500,1779779100,NEUTRAL,C2-1779775500-NEUTRAL,CEBONK_C2_WEB_V1_35ce78b4
1779779100,1779780000,SELL,C2-1779779100-SELL,CEBONK_C2_WEB_V1_35ce78b4
1779780000,1779780300,TRANSITION,C2-1779780000-TRANSITION,CEBONK_C2_WEB_V1_35ce78b4
1779780300,1779797400,NEUTRAL,C2-1779780300-NEUTRAL,CEBONK_C2_WEB_V1_35ce78b4
1779797400,1779801900,SELL,C2-1779797400-SELL,CEBONK_C2_WEB_V1_35ce78b4
1779801900,1779813600,NEUTRAL,C2-1779801900-NEUTRAL,CEBONK_C2_WEB_V1_35ce78b4
1779813600,1779814800,BUY,C2-1779813600-BUY,CEBONK_C2_WEB_V1_35ce78b4
1779836400,1779852600,NEUTRAL,C2-1779836400-NEUTRAL,CEBONK_C2_WEB_V1_35ce78b4
1779852600,1779867900,BUY,C2-1779852600-BUY,CEBONK_C2_WEB_V1_35ce78b4
1779867900,1779876900,NEUTRAL,C2-1779867900-NEUTRAL,CEBONK_C2_WEB_V1_35ce78b4
1779876900,1779886500,SELL,C2-1779876900-SELL,CEBONK_C2_WEB_V1_35ce78b4
1779886500,1779901200,NEUTRAL,C2-1779886500-NEUTRAL,CEBONK_C2_WEB_V1_35ce78b4
1779922800,1779954300,NEUTRAL,C2-1779922800-NEUTRAL,CEBONK_C2_WEB_V1_35ce78b4
1779954300,1779987600,SELL,C2-1779954300-SELL,CEBONK_C2_WEB_V1_35ce78b4
1780009200,1780014900,NEUTRAL,C2-1780009200-NEUTRAL,CEBONK_C2_WEB_V1_35ce78b4
1780014900,1780015200,TRANSITION,C2-1780014900-TRANSITION,CEBONK_C2_WEB_V1_35ce78b4
1780015200,1780019100,NEUTRAL,C2-1780015200-NEUTRAL,CEBONK_C2_WEB_V1_35ce78b4
1780019100,1780072500,SELL,C2-1780019100-SELL,CEBONK_C2_WEB_V1_35ce78b4
1780072500,1780074000,NEUTRAL,C2-1780072500-NEUTRAL,CEBONK_C2_WEB_V1_35ce78b4
1780095600,1780096500,NEUTRAL,C2-1780095600-NEUTRAL,CEBONK_C2_WEB_V1_35ce78b4
1780096500,1780100700,BUY,C2-1780096500-BUY,CEBONK_C2_WEB_V1_35ce78b4
1780100700,1780153200,NEUTRAL,C2-1780100700-NEUTRAL,CEBONK_C2_WEB_V1_35ce78b4
1780153200,1780160400,SELL,C2-1780153200-SELL,CEBONK_C2_WEB_V1_35ce78b4
1780182000,1780188600,BUY,C2-1780182000-BUY,CEBONK_C2_WEB_V1_35ce78b4
1780188600,1780208700,NEUTRAL,C2-1780188600-NEUTRAL,CEBONK_C2_WEB_V1_35ce78b4
1780208700,1780221300,SELL,C2-1780208700-SELL,CEBONK_C2_WEB_V1_35ce78b4
1780221300,1780228800,NEUTRAL,C2-1780221300-NEUTRAL,CEBONK_C2_WEB_V1_35ce78b4
1780228800,1780242300,BUY,C2-1780228800-BUY,CEBONK_C2_WEB_V1_35ce78b4
1780242300,1780246800,NEUTRAL,C2-1780242300-NEUTRAL,CEBONK_C2_WEB_V1_35ce78b4
1780268400,1780332900,NEUTRAL,C2-1780268400-NEUTRAL,CEBONK_C2_WEB_V1_35ce78b4
1780332900,1780333200,BUY,C2-1780332900-BUY,CEBONK_C2_WEB_V1_35ce78b4
1780354800,1780356000,BUY,C2-1780354800-BUY,CEBONK_C2_WEB_V1_35ce78b4
1780356000,1780396500,NEUTRAL,C2-1780356000-NEUTRAL,CEBONK_C2_WEB_V1_35ce78b4
1780396500,1780419600,BUY,C2-1780396500-BUY,CEBONK_C2_WEB_V1_35ce78b4
1780441200,1780450500,BUY,C2-1780441200-BUY,CEBONK_C2_WEB_V1_35ce78b4
1780450500,1780454100,NEUTRAL,C2-1780450500-NEUTRAL,CEBONK_C2_WEB_V1_35ce78b4
1780454100,1780454400,TRANSITION,C2-1780454100-TRANSITION,CEBONK_C2_WEB_V1_35ce78b4
1780454400,1780465200,NEUTRAL,C2-1780454400-NEUTRAL,CEBONK_C2_WEB_V1_35ce78b4
1780465200,1780481100,BUY,C2-1780465200-BUY,CEBONK_C2_WEB_V1_35ce78b4
1780481100,1780495200,NEUTRAL,C2-1780481100-NEUTRAL,CEBONK_C2_WEB_V1_35ce78b4
1780495200,1780498200,SELL,C2-1780495200-SELL,CEBONK_C2_WEB_V1_35ce78b4
1780498200,1780498500,TRANSITION,C2-1780498200-TRANSITION,CEBONK_C2_WEB_V1_35ce78b4
1780498500,1780506000,NEUTRAL,C2-1780498500-NEUTRAL,CEBONK_C2_WEB_V1_35ce78b4
1780527600,1780534200,NEUTRAL,C2-1780527600-NEUTRAL,CEBONK_C2_WEB_V1_35ce78b4
1780534200,1780547400,SELL,C2-1780534200-SELL,CEBONK_C2_WEB_V1_35ce78b4
1780547400,1780590600,NEUTRAL,C2-1780547400-NEUTRAL,CEBONK_C2_WEB_V1_35ce78b4
1780590600,1780592400,BUY,C2-1780590600-BUY,CEBONK_C2_WEB_V1_35ce78b4
1780614000,1780671600,NEUTRAL,C2-1780614000-NEUTRAL,CEBONK_C2_WEB_V1_35ce78b4
1780671600,1780671900,TRANSITION,C2-1780671600-TRANSITION,CEBONK_C2_WEB_V1_35ce78b4
1780671900,1780675800,NEUTRAL,C2-1780671900-NEUTRAL,CEBONK_C2_WEB_V1_35ce78b4
1780675800,1780676100,TRANSITION,C2-1780675800-TRANSITION,CEBONK_C2_WEB_V1_35ce78b4
1780676100,1780678800,NEUTRAL,C2-1780676100-NEUTRAL,CEBONK_C2_WEB_V1_35ce78b4
1780700400,1780765200,NEUTRAL,C2-1780700400-NEUTRAL,CEBONK_C2_WEB_V1_35ce78b4
1780786800,1780809300,NEUTRAL,C2-1780786800-NEUTRAL,CEBONK_C2_WEB_V1_35ce78b4
1780809300,1780810200,SELL,C2-1780809300-SELL,CEBONK_C2_WEB_V1_35ce78b4
1780810200,1780851000,NEUTRAL,C2-1780810200-NEUTRAL,CEBONK_C2_WEB_V1_35ce78b4
1780851000,1780851600,BUY,C2-1780851000-BUY,CEBONK_C2_WEB_V1_35ce78b4
1780873200,1780883400,NEUTRAL,C2-1780873200-NEUTRAL,CEBONK_C2_WEB_V1_35ce78b4
1780883400,1780903800,BUY,C2-1780883400-BUY,CEBONK_C2_WEB_V1_35ce78b4
1780903800,1780913400,NEUTRAL,C2-1780903800-NEUTRAL,CEBONK_C2_WEB_V1_35ce78b4
1780913400,1780913700,TRANSITION,C2-1780913400-TRANSITION,CEBONK_C2_WEB_V1_35ce78b4
1780913700,1780923000,NEUTRAL,C2-1780913700-NEUTRAL,CEBONK_C2_WEB_V1_35ce78b4
1780923000,1780938000,BUY,C2-1780923000-BUY,CEBONK_C2_WEB_V1_35ce78b4
1780959600,1781024400,BUY,C2-1780959600-BUY,CEBONK_C2_WEB_V1_35ce78b4
1781046000,1781057400,BUY,C2-1781046000-BUY,CEBONK_C2_WEB_V1_35ce78b4
1781057400,1781076900,NEUTRAL,C2-1781057400-NEUTRAL,CEBONK_C2_WEB_V1_35ce78b4
1781076900,1781077200,SELL,C2-1781076900-SELL,CEBONK_C2_WEB_V1_35ce78b4
1781077200,1781108700,NEUTRAL,C2-1781077200-NEUTRAL,CEBONK_C2_WEB_V1_35ce78b4
1781108700,1781110800,BUY,C2-1781108700-BUY,CEBONK_C2_WEB_V1_35ce78b4
1781132400,1781154300,NEUTRAL,C2-1781132400-NEUTRAL,CEBONK_C2_WEB_V1_35ce78b4
1781154300,1781166900,SELL,C2-1781154300-SELL,CEBONK_C2_WEB_V1_35ce78b4
1781166900,1781197200,NEUTRAL,C2-1781166900-NEUTRAL,CEBONK_C2_WEB_V1_35ce78b4
1781218800,1781269500,NEUTRAL,C2-1781218800-NEUTRAL,CEBONK_C2_WEB_V1_35ce78b4
1781269500,1781277300,BUY,C2-1781269500-BUY,CEBONK_C2_WEB_V1_35ce78b4
1781277300,1781283600,NEUTRAL,C2-1781277300-NEUTRAL,CEBONK_C2_WEB_V1_35ce78b4
1781305200,1781328600,NEUTRAL,C2-1781305200-NEUTRAL,CEBONK_C2_WEB_V1_35ce78b4
1781328600,1781342700,BUY,C2-1781328600-BUY,CEBONK_C2_WEB_V1_35ce78b4
1781342700,1781349300,NEUTRAL,C2-1781342700-NEUTRAL,CEBONK_C2_WEB_V1_35ce78b4
1781349300,1781363700,BUY,C2-1781349300-BUY,CEBONK_C2_WEB_V1_35ce78b4
1781363700,1781370000,NEUTRAL,C2-1781363700-NEUTRAL,CEBONK_C2_WEB_V1_35ce78b4
1781391600,1781393400,BUY,C2-1781391600-BUY,CEBONK_C2_WEB_V1_35ce78b4
1781393400,1781423700,NEUTRAL,C2-1781393400-NEUTRAL,CEBONK_C2_WEB_V1_35ce78b4
1781423700,1781439300,BUY,C2-1781423700-BUY,CEBONK_C2_WEB_V1_35ce78b4
1781439300,1781456400,NEUTRAL,C2-1781439300-NEUTRAL,CEBONK_C2_WEB_V1_35ce78b4
1781478000,1781542800,BUY,C2-1781478000-BUY,CEBONK_C2_WEB_V1_35ce78b4
1781564400,1781595000,BUY,C2-1781564400-BUY,CEBONK_C2_WEB_V1_35ce78b4
1781595000,1781602200,NEUTRAL,C2-1781595000-NEUTRAL,CEBONK_C2_WEB_V1_35ce78b4
1781602200,1781602500,TRANSITION,C2-1781602200-TRANSITION,CEBONK_C2_WEB_V1_35ce78b4
1781602500,1781609100,NEUTRAL,C2-1781602500-NEUTRAL,CEBONK_C2_WEB_V1_35ce78b4
1781609100,1781629200,BUY,C2-1781609100-BUY,CEBONK_C2_WEB_V1_35ce78b4
1781650800,1781689800,BUY,C2-1781650800-BUY,CEBONK_C2_WEB_V1_35ce78b4
1781689800,1781714700,NEUTRAL,C2-1781689800-NEUTRAL,CEBONK_C2_WEB_V1_35ce78b4
1781714700,1781715600,BUY,C2-1781714700-BUY,CEBONK_C2_WEB_V1_35ce78b4
1781737200,1781771400,NEUTRAL,C2-1781737200-NEUTRAL,CEBONK_C2_WEB_V1_35ce78b4
1781771400,1781785200,BUY,C2-1781771400-BUY,CEBONK_C2_WEB_V1_35ce78b4
1781785200,1781802000,NEUTRAL,C2-1781785200-NEUTRAL,CEBONK_C2_WEB_V1_35ce78b4
1781823600,1781834100,NEUTRAL,C2-1781823600-NEUTRAL,CEBONK_C2_WEB_V1_35ce78b4
1781834100,1781836800,SELL,C2-1781834100-SELL,CEBONK_C2_WEB_V1_35ce78b4
1781836800,1781837100,TRANSITION,C2-1781836800-TRANSITION,CEBONK_C2_WEB_V1_35ce78b4
1781837100,1781858100,NEUTRAL,C2-1781837100-NEUTRAL,CEBONK_C2_WEB_V1_35ce78b4
1781858100,1781888400,BUY,C2-1781858100-BUY,CEBONK_C2_WEB_V1_35ce78b4
1781910000,1781910900,NEUTRAL,C2-1781910000-NEUTRAL,CEBONK_C2_WEB_V1_35ce78b4
1781910900,1781974800,BUY,C2-1781910900-BUY,CEBONK_C2_WEB_V1_35ce78b4
1781996400,1782061200,BUY,C2-1781996400-BUY,CEBONK_C2_WEB_V1_35ce78b4
1782082800,1782088200,NEUTRAL,C2-1782082800-NEUTRAL,CEBONK_C2_WEB_V1_35ce78b4
1782088200,1782147600,BUY,C2-1782088200-BUY,CEBONK_C2_WEB_V1_35ce78b4
1782169200,1782170100,SELL,C2-1782169200-SELL,CEBONK_C2_WEB_V1_35ce78b4
1782170100,1782170400,TRANSITION,C2-1782170100-TRANSITION,CEBONK_C2_WEB_V1_35ce78b4
1782170400,1782183600,NEUTRAL,C2-1782170400-NEUTRAL,CEBONK_C2_WEB_V1_35ce78b4
1782183600,1782234000,BUY,C2-1782183600-BUY,CEBONK_C2_WEB_V1_35ce78b4
1782255600,1782263400,BUY,C2-1782255600-BUY,CEBONK_C2_WEB_V1_35ce78b4
1782263400,1782274800,NEUTRAL,C2-1782263400-NEUTRAL,CEBONK_C2_WEB_V1_35ce78b4
1782274800,1782275100,TRANSITION,C2-1782274800-TRANSITION,CEBONK_C2_WEB_V1_35ce78b4
1782275100,1782283500,NEUTRAL,C2-1782275100-NEUTRAL,CEBONK_C2_WEB_V1_35ce78b4
1782283500,1782315900,BUY,C2-1782283500-BUY,CEBONK_C2_WEB_V1_35ce78b4
1782315900,1782319500,NEUTRAL,C2-1782315900-NEUTRAL,CEBONK_C2_WEB_V1_35ce78b4
1782319500,1782319800,TRANSITION,C2-1782319500-TRANSITION,CEBONK_C2_WEB_V1_35ce78b4
1782319800,1782320400,NEUTRAL,C2-1782319800-NEUTRAL,CEBONK_C2_WEB_V1_35ce78b4
1782342000,1782381900,BUY,C2-1782342000-BUY,CEBONK_C2_WEB_V1_35ce78b4
1782381900,1782383100,NEUTRAL,C2-1782381900-NEUTRAL,CEBONK_C2_WEB_V1_35ce78b4
1782383100,1782406800,BUY,C2-1782383100-BUY,CEBONK_C2_WEB_V1_35ce78b4
1782428400,1782487800,BUY,C2-1782428400-BUY,CEBONK_C2_WEB_V1_35ce78b4
1782487800,1782488400,NEUTRAL,C2-1782487800-NEUTRAL,CEBONK_C2_WEB_V1_35ce78b4
1782488400,1782493200,BUY,C2-1782488400-BUY,CEBONK_C2_WEB_V1_35ce78b4
1782514800,1782579600,BUY,C2-1782514800-BUY,CEBONK_C2_WEB_V1_35ce78b4
1782601200,1782666000,BUY,C2-1782601200-BUY,CEBONK_C2_WEB_V1_35ce78b4
1782687600,1782752400,BUY,C2-1782687600-BUY,CEBONK_C2_WEB_V1_35ce78b4
1782774000,1782777900,NEUTRAL,C2-1782774000-NEUTRAL,CEBONK_C2_WEB_V1_35ce78b4
1782777900,1782778200,TRANSITION,C2-1782777900-TRANSITION,CEBONK_C2_WEB_V1_35ce78b4
1782778200,1782784500,NEUTRAL,C2-1782778200-NEUTRAL,CEBONK_C2_WEB_V1_35ce78b4
1782784500,1782813300,BUY,C2-1782784500-BUY,CEBONK_C2_WEB_V1_35ce78b4
1782813300,1782820800,NEUTRAL,C2-1782813300-NEUTRAL,CEBONK_C2_WEB_V1_35ce78b4
1782820800,1782821100,TRANSITION,C2-1782820800-TRANSITION,CEBONK_C2_WEB_V1_35ce78b4
1782821100,1782826200,NEUTRAL,C2-1782821100-NEUTRAL,CEBONK_C2_WEB_V1_35ce78b4
1782826200,1782838800,BUY,C2-1782826200-BUY,CEBONK_C2_WEB_V1_35ce78b4
1782860400,1782898200,BUY,C2-1782860400-BUY,CEBONK_C2_WEB_V1_35ce78b4
1782898200,1782915600,NEUTRAL,C2-1782898200-NEUTRAL,CEBONK_C2_WEB_V1_35ce78b4
1782915600,1782923400,BUY,C2-1782915600-BUY,CEBONK_C2_WEB_V1_35ce78b4
1782923400,1782925200,NEUTRAL,C2-1782923400-NEUTRAL,CEBONK_C2_WEB_V1_35ce78b4
1782946800,1783011600,BUY,C2-1782946800-BUY,CEBONK_C2_WEB_V1_35ce78b4
1783033200,1783089600,BUY,C2-1783033200-BUY,CEBONK_C2_WEB_V1_35ce78b4
1783089600,1783098000,NEUTRAL,C2-1783089600-NEUTRAL,CEBONK_C2_WEB_V1_35ce78b4
1783119600,1783168200,BUY,C2-1783119600-BUY,CEBONK_C2_WEB_V1_35ce78b4
1783168200,1783175700,NEUTRAL,C2-1783168200-NEUTRAL,CEBONK_C2_WEB_V1_35ce78b4
1783175700,1783176000,TRANSITION,C2-1783175700-TRANSITION,CEBONK_C2_WEB_V1_35ce78b4
1783176000,1783179000,NEUTRAL,C2-1783176000-NEUTRAL,CEBONK_C2_WEB_V1_35ce78b4
1783179000,1783184400,BUY,C2-1783179000-BUY,CEBONK_C2_WEB_V1_35ce78b4
1783206000,1783270800,BUY,C2-1783206000-BUY,CEBONK_C2_WEB_V1_35ce78b4
1783292400,1783326900,BUY,C2-1783292400-BUY,CEBONK_C2_WEB_V1_35ce78b4
1783326900,1783340400,NEUTRAL,C2-1783326900-NEUTRAL,CEBONK_C2_WEB_V1_35ce78b4
1783340400,1783357200,BUY,C2-1783340400-BUY,CEBONK_C2_WEB_V1_35ce78b4
1783378800,1783439400,BUY,C2-1783378800-BUY,CEBONK_C2_WEB_V1_35ce78b4
1783439400,1783443600,NEUTRAL,C2-1783439400-NEUTRAL,CEBONK_C2_WEB_V1_35ce78b4
1783465200,1783500300,BUY,C2-1783465200-BUY,CEBONK_C2_WEB_V1_35ce78b4
1783500300,1783503300,NEUTRAL,C2-1783500300-NEUTRAL,CEBONK_C2_WEB_V1_35ce78b4
1783503300,1783530000,BUY,C2-1783503300-BUY,CEBONK_C2_WEB_V1_35ce78b4
1783551600,1783554900,NEUTRAL,C2-1783551600-NEUTRAL,CEBONK_C2_WEB_V1_35ce78b4
1783554900,1783555200,TRANSITION,C2-1783554900-TRANSITION,CEBONK_C2_WEB_V1_35ce78b4
1783555200,1783558500,NEUTRAL,C2-1783555200-NEUTRAL,CEBONK_C2_WEB_V1_35ce78b4
1783558500,1783567800,BUY,C2-1783558500-BUY,CEBONK_C2_WEB_V1_35ce78b4
1783567800,1783572300,NEUTRAL,C2-1783567800-NEUTRAL,CEBONK_C2_WEB_V1_35ce78b4
1783572300,1783572600,TRANSITION,C2-1783572300-TRANSITION,CEBONK_C2_WEB_V1_35ce78b4
1783572600,1783573800,NEUTRAL,C2-1783572600-NEUTRAL,CEBONK_C2_WEB_V1_35ce78b4
1783573800,1783616400,BUY,C2-1783573800-BUY,CEBONK_C2_WEB_V1_35ce78b4
1783638000,1783702800,BUY,C2-1783638000-BUY,CEBONK_C2_WEB_V1_35ce78b4
1783724400,1783789200,BUY,C2-1783724400-BUY,CEBONK_C2_WEB_V1_35ce78b4
1783810800,1783875600,BUY,C2-1783810800-BUY,CEBONK_C2_WEB_V1_35ce78b4
1783897200,1783962000,BUY,C2-1783897200-BUY,CEBONK_C2_WEB_V1_35ce78b4
1783983600,1783985100,NEUTRAL,C2-1783983600-NEUTRAL,CEBONK_C2_WEB_V1_35ce78b4
1783985100,1784048400,BUY,C2-1783985100-BUY,CEBONK_C2_WEB_V1_35ce78b4
1784070000,1784134800,BUY,C2-1784070000-BUY,CEBONK_C2_WEB_V1_35ce78b4
1784156400,1784221200,BUY,C2-1784156400-BUY,CEBONK_C2_WEB_V1_35ce78b4
1784242800,1784307600,BUY,C2-1784242800-BUY,CEBONK_C2_WEB_V1_35ce78b4
1784329200,1784394000,BUY,C2-1784329200-BUY,CEBONK_C2_WEB_V1_35ce78b4
1784415600,1784480400,BUY,C2-1784415600-BUY,CEBONK_C2_WEB_V1_35ce78b4
1784502000,1784566800,BUY,C2-1784502000-BUY,CEBONK_C2_WEB_V1_35ce78b4
1784588400,1784653200,BUY,C2-1784588400-BUY,CEBONK_C2_WEB_V1_35ce78b4
1784674800,1784680500,NEUTRAL,C2-1784674800-NEUTRAL,CEBONK_C2_WEB_V1_35ce78b4
1784680500,1784739600,BUY,C2-1784680500-BUY,CEBONK_C2_WEB_V1_35ce78b4
1784761200,1784826000,BUY,C2-1784761200-BUY,CEBONK_C2_WEB_V1_35ce78b4
1784847600,1784912400,BUY,C2-1784847600-BUY,CEBONK_C2_WEB_V1_35ce78b4
1784934000,1784974500,BUY,C2-1784934000-BUY,CEBONK_C2_WEB_V1_35ce78b4
1784974500,1784980200,NEUTRAL,C2-1784974500-NEUTRAL,CEBONK_C2_WEB_V1_35ce78b4
1784980200,1784981100,SELL,C2-1784980200-SELL,CEBONK_C2_WEB_V1_35ce78b4
1784981100,1784981400,TRANSITION,C2-1784981100-TRANSITION,CEBONK_C2_WEB_V1_35ce78b4
1784981400,1784988300,NEUTRAL,C2-1784981400-NEUTRAL,CEBONK_C2_WEB_V1_35ce78b4
1784988300,1784992200,SELL,C2-1784988300-SELL,CEBONK_C2_WEB_V1_35ce78b4
1784992200,1784992500,TRANSITION,C2-1784992200-TRANSITION,CEBONK_C2_WEB_V1_35ce78b4
1784992500,1784998800,NEUTRAL,C2-1784992500-NEUTRAL,CEBONK_C2_WEB_V1_35ce78b4
1785020400,1785057900,BUY,C2-1785020400-BUY,CEBONK_C2_WEB_V1_35ce78b4
1785057900,1785077100,NEUTRAL,C2-1785057900-NEUTRAL,CEBONK_C2_WEB_V1_35ce78b4
1785077100,1785085200,BUY,C2-1785077100-BUY,CEBONK_C2_WEB_V1_35ce78b4
1785106800,1785113700,NEUTRAL,C2-1785106800-NEUTRAL,CEBONK_C2_WEB_V1_35ce78b4
1785113700,1785171600,BUY,C2-1785113700-BUY,CEBONK_C2_WEB_V1_35ce78b4
1785193200,1785197400,BUY,C2-1785193200-BUY,CEBONK_C2_WEB_V1_35ce78b4
1785197400,1785197700,NEUTRAL,C2-1785197400-NEUTRAL,CEBONK_C2_WEB_V1_35ce78b4
1785197700,1785258000,BUY,C2-1785197700-BUY,CEBONK_C2_WEB_V1_35ce78b4
1785279600,1785331200,BUY,C2-1785279600-BUY,CEBONK_C2_WEB_V1_35ce78b4
1785331200,1785334500,NEUTRAL,C2-1785331200-NEUTRAL,CEBONK_C2_WEB_V1_35ce78b4
1785334500,1785336300,SELL,C2-1785334500-SELL,CEBONK_C2_WEB_V1_35ce78b4
1785336300,1785336600,TRANSITION,C2-1785336300-TRANSITION,CEBONK_C2_WEB_V1_35ce78b4
1785336600,1785344400,NEUTRAL,C2-1785336600-NEUTRAL,CEBONK_C2_WEB_V1_35ce78b4
1785366000,1785430800,BUY,C2-1785366000-BUY,CEBONK_C2_WEB_V1_35ce78b4
1785452400,1785517200,BUY,C2-1785452400-BUY,CEBONK_C2_WEB_V1_35ce78b4
1785538800,1785545700,NEUTRAL,C2-1785538800-NEUTRAL,CEBONK_C2_WEB_V1_35ce78b4
1785545700,1785575400,BUY,C2-1785545700-BUY,CEBONK_C2_WEB_V1_35ce78b4
1785575400,1785603600,NEUTRAL,C2-1785575400-NEUTRAL,CEBONK_C2_WEB_V1_35ce78b4
1785625200,1785651300,BUY,C2-1785625200-BUY,CEBONK_C2_WEB_V1_35ce78b4
1785651300,1785661800,NEUTRAL,C2-1785651300-NEUTRAL,CEBONK_C2_WEB_V1_35ce78b4
1785661800,1785674700,SELL,C2-1785661800-SELL,CEBONK_C2_WEB_V1_35ce78b4
1785674700,1785675000,TRANSITION,C2-1785674700-TRANSITION,CEBONK_C2_WEB_V1_35ce78b4
1785675000,1785688200,NEUTRAL,C2-1785675000-NEUTRAL,CEBONK_C2_WEB_V1_35ce78b4
1785688200,1785690000,BUY,C2-1785688200-BUY,CEBONK_C2_WEB_V1_35ce78b4
1785711600,1785776400,BUY,C2-1785711600-BUY,CEBONK_C2_WEB_V1_35ce78b4
1785798000,1785803400,NEUTRAL,C2-1785798000-NEUTRAL,CEBONK_C2_WEB_V1_35ce78b4
1785803400,1785844800,BUY,C2-1785803400-BUY,CEBONK_C2_WEB_V1_35ce78b4
1785844800,1785858600,NEUTRAL,C2-1785844800-NEUTRAL,CEBONK_C2_WEB_V1_35ce78b4
1785858600,1785862800,BUY,C2-1785858600-BUY,CEBONK_C2_WEB_V1_35ce78b4
1785884400,1785915900,BUY,C2-1785884400-BUY,CEBONK_C2_WEB_V1_35ce78b4
1785915900,1785923400,NEUTRAL,C2-1785915900-NEUTRAL,CEBONK_C2_WEB_V1_35ce78b4
1785923400,1785923700,TRANSITION,C2-1785923400-TRANSITION,CEBONK_C2_WEB_V1_35ce78b4
1785923700,1785927900,NEUTRAL,C2-1785923700-NEUTRAL,CEBONK_C2_WEB_V1_35ce78b4
1785927900,1785941400,BUY,C2-1785927900-BUY,CEBONK_C2_WEB_V1_35ce78b4
1785941400,1785948000,NEUTRAL,C2-1785941400-NEUTRAL,CEBONK_C2_WEB_V1_35ce78b4
1785948000,1785948300,TRANSITION,C2-1785948000-TRANSITION,CEBONK_C2_WEB_V1_35ce78b4
1785948300,1785949200,NEUTRAL,C2-1785948300-NEUTRAL,CEBONK_C2_WEB_V1_35ce78b4
1785970800,1785980400,BUY,C2-1785970800-BUY,CEBONK_C2_WEB_V1_35ce78b4
1785980400,1785983400,NEUTRAL,C2-1785980400-NEUTRAL,CEBONK_C2_WEB_V1_35ce78b4
1785983400,1786035600,BUY,C2-1785983400-BUY,CEBONK_C2_WEB_V1_35ce78b4
1786057200,1786122000,BUY,C2-1786057200-BUY,CEBONK_C2_WEB_V1_35ce78b4
1786143600,1786208400,BUY,C2-1786143600-BUY,CEBONK_C2_WEB_V1_35ce78b4
1786230000,1786249500,BUY,C2-1786230000-BUY,CEBONK_C2_WEB_V1_35ce78b4
1786249500,1786254600,NEUTRAL,C2-1786249500-NEUTRAL,CEBONK_C2_WEB_V1_35ce78b4
1786254600,1786267800,BUY,C2-1786254600-BUY,CEBONK_C2_WEB_V1_35ce78b4
1786267800,1786278000,NEUTRAL,C2-1786267800-NEUTRAL,CEBONK_C2_WEB_V1_35ce78b4
1786278000,1786278300,TRANSITION,C2-1786278000-TRANSITION,CEBONK_C2_WEB_V1_35ce78b4
1786278300,1786291800,NEUTRAL,C2-1786278300-NEUTRAL,CEBONK_C2_WEB_V1_35ce78b4
1786291800,1786294800,BUY,C2-1786291800-BUY,CEBONK_C2_WEB_V1_35ce78b4
1786316400,1786339200,BUY,C2-1786316400-BUY,CEBONK_C2_WEB_V1_35ce78b4
1786339200,1786347600,NEUTRAL,C2-1786339200-NEUTRAL,CEBONK_C2_WEB_V1_35ce78b4
1786347600,1786347900,TRANSITION,C2-1786347600-TRANSITION,CEBONK_C2_WEB_V1_35ce78b4
1786347900,1786353300,NEUTRAL,C2-1786347900-NEUTRAL,CEBONK_C2_WEB_V1_35ce78b4
1786353300,1786381200,BUY,C2-1786353300-BUY,CEBONK_C2_WEB_V1_35ce78b4
1786402800,1786467600,BUY,C2-1786402800-BUY,CEBONK_C2_WEB_V1_35ce78b4
1786489200,1786554000,BUY,C2-1786489200-BUY,CEBONK_C2_WEB_V1_35ce78b4
1786575600,1786640400,BUY,C2-1786575600-BUY,CEBONK_C2_WEB_V1_35ce78b4
1786662000,1786726800,BUY,C2-1786662000-BUY,CEBONK_C2_WEB_V1_35ce78b4
1786748400,1786813200,BUY,C2-1786748400-BUY,CEBONK_C2_WEB_V1_35ce78b4
1786834800,1786887000,BUY,C2-1786834800-BUY,CEBONK_C2_WEB_V1_35ce78b4
1786887000,1786895700,NEUTRAL,C2-1786887000-NEUTRAL,CEBONK_C2_WEB_V1_35ce78b4
1786895700,1786898100,SELL,C2-1786895700-SELL,CEBONK_C2_WEB_V1_35ce78b4
1786898100,1786898400,TRANSITION,C2-1786898100-TRANSITION,CEBONK_C2_WEB_V1_35ce78b4
1786898400,1786899600,NEUTRAL,C2-1786898400-NEUTRAL,CEBONK_C2_WEB_V1_35ce78b4
1786921200,1786986000,BUY,C2-1786921200-BUY,CEBONK_C2_WEB_V1_35ce78b4
1787007600,1787065800,BUY,C2-1787007600-BUY,CEBONK_C2_WEB_V1_35ce78b4
1787065800,1787072400,NEUTRAL,C2-1787065800-NEUTRAL,CEBONK_C2_WEB_V1_35ce78b4
1787094000,1787110500,BUY,C2-1787094000-BUY,CEBONK_C2_WEB_V1_35ce78b4
1787110500,1787158800,NEUTRAL,C2-1787110500-NEUTRAL,CEBONK_C2_WEB_V1_35ce78b4
1787180400,1787185800,NEUTRAL,C2-1787180400-NEUTRAL,CEBONK_C2_WEB_V1_35ce78b4
1787185800,1787203500,SELL,C2-1787185800-SELL,CEBONK_C2_WEB_V1_35ce78b4
1787203500,1787238300,NEUTRAL,C2-1787203500-NEUTRAL,CEBONK_C2_WEB_V1_35ce78b4
1787238300,1787243400,BUY,C2-1787238300-BUY,CEBONK_C2_WEB_V1_35ce78b4
1787243400,1787245200,NEUTRAL,C2-1787243400-NEUTRAL,CEBONK_C2_WEB_V1_35ce78b4
1787266800,1787284500,SELL,C2-1787266800-SELL,CEBONK_C2_WEB_V1_35ce78b4
1787284500,1787296800,NEUTRAL,C2-1787284500-NEUTRAL,CEBONK_C2_WEB_V1_35ce78b4
1787296800,1787297700,BUY,C2-1787296800-BUY,CEBONK_C2_WEB_V1_35ce78b4
1787297700,1787298000,TRANSITION,C2-1787297700-TRANSITION,CEBONK_C2_WEB_V1_35ce78b4
1787298000,1787315100,NEUTRAL,C2-1787298000-NEUTRAL,CEBONK_C2_WEB_V1_35ce78b4
1787315100,1787318100,BUY,C2-1787315100-BUY,CEBONK_C2_WEB_V1_35ce78b4
1787318100,1787318400,TRANSITION,C2-1787318100-TRANSITION,CEBONK_C2_WEB_V1_35ce78b4
1787318400,1787321700,NEUTRAL,C2-1787318400-NEUTRAL,CEBONK_C2_WEB_V1_35ce78b4
1787321700,1787322000,TRANSITION,C2-1787321700-TRANSITION,CEBONK_C2_WEB_V1_35ce78b4
1787322000,1787331600,NEUTRAL,C2-1787322000-NEUTRAL,CEBONK_C2_WEB_V1_35ce78b4
1787353200,1787418000,NEUTRAL,C2-1787353200-NEUTRAL,CEBONK_C2_WEB_V1_35ce78b4
1787439600,1787484900,NEUTRAL,C2-1787439600-NEUTRAL,CEBONK_C2_WEB_V1_35ce78b4
1787484900,1787493000,SELL,C2-1787484900-SELL,CEBONK_C2_WEB_V1_35ce78b4
1787493000,1787504400,NEUTRAL,C2-1787493000-NEUTRAL,CEBONK_C2_WEB_V1_35ce78b4
1787526000,1787532900,NEUTRAL,C2-1787526000-NEUTRAL,CEBONK_C2_WEB_V1_35ce78b4
1787532900,1787535000,SELL,C2-1787532900-SELL,CEBONK_C2_WEB_V1_35ce78b4
1787535000,1787535300,TRANSITION,C2-1787535000-TRANSITION,CEBONK_C2_WEB_V1_35ce78b4
1787535300,1787552700,NEUTRAL,C2-1787535300-NEUTRAL,CEBONK_C2_WEB_V1_35ce78b4
1787552700,1787553600,SELL,C2-1787552700-SELL,CEBONK_C2_WEB_V1_35ce78b4
1787553600,1787553900,TRANSITION,C2-1787553600-TRANSITION,CEBONK_C2_WEB_V1_35ce78b4
1787553900,1787590800,NEUTRAL,C2-1787553900-NEUTRAL,CEBONK_C2_WEB_V1_35ce78b4
1787612400,1787677200,BUY,C2-1787612400-BUY,CEBONK_C2_WEB_V1_35ce78b4
1787698800,1787725800,BUY,C2-1787698800-BUY,CEBONK_C2_WEB_V1_35ce78b4
1787725800,1787737200,NEUTRAL,C2-1787725800-NEUTRAL,CEBONK_C2_WEB_V1_35ce78b4
1787737200,1787737500,TRANSITION,C2-1787737200-TRANSITION,CEBONK_C2_WEB_V1_35ce78b4
1787737500,1787740200,NEUTRAL,C2-1787737500-NEUTRAL,CEBONK_C2_WEB_V1_35ce78b4
1787740200,1787763600,BUY,C2-1787740200-BUY,CEBONK_C2_WEB_V1_35ce78b4
1787785200,1787850000,BUY,C2-1787785200-BUY,CEBONK_C2_WEB_V1_35ce78b4
1787871600,1787877000,BUY,C2-1787871600-BUY,CEBONK_C2_WEB_V1_35ce78b4
1787877000,1787884200,NEUTRAL,C2-1787877000-NEUTRAL,CEBONK_C2_WEB_V1_35ce78b4
1787884200,1787901900,SELL,C2-1787884200-SELL,CEBONK_C2_WEB_V1_35ce78b4
1787901900,1787911200,NEUTRAL,C2-1787901900-NEUTRAL,CEBONK_C2_WEB_V1_35ce78b4
1787911200,1787936400,BUY,C2-1787911200-BUY,CEBONK_C2_WEB_V1_35ce78b4
1787958000,1787961000,NEUTRAL,C2-1787958000-NEUTRAL,CEBONK_C2_WEB_V1_35ce78b4
1787961000,1788022800,BUY,C2-1787961000-BUY,CEBONK_C2_WEB_V1_35ce78b4
1788044400,1788109200,BUY,C2-1788044400-BUY,CEBONK_C2_WEB_V1_35ce78b4
1788130800,1788140100,BUY,C2-1788130800-BUY,CEBONK_C2_WEB_V1_35ce78b4
1788140100,1788141000,NEUTRAL,C2-1788140100-NEUTRAL,CEBONK_C2_WEB_V1_35ce78b4
1788141000,1788195600,BUY,C2-1788141000-BUY,CEBONK_C2_WEB_V1_35ce78b4
1788217200,1788261000,BUY,C2-1788217200-BUY,CEBONK_C2_WEB_V1_35ce78b4
1788261000,1788264000,NEUTRAL,C2-1788261000-NEUTRAL,CEBONK_C2_WEB_V1_35ce78b4
1788264000,1788267600,BUY,C2-1788264000-BUY,CEBONK_C2_WEB_V1_35ce78b4
1788267600,1788272100,NEUTRAL,C2-1788267600-NEUTRAL,CEBONK_C2_WEB_V1_35ce78b4
1788272100,1788272400,TRANSITION,C2-1788272100-TRANSITION,CEBONK_C2_WEB_V1_35ce78b4
1788272400,1788276900,NEUTRAL,C2-1788272400-NEUTRAL,CEBONK_C2_WEB_V1_35ce78b4
1788276900,1788282000,BUY,C2-1788276900-BUY,CEBONK_C2_WEB_V1_35ce78b4
1788303600,1788336900,BUY,C2-1788303600-BUY,CEBONK_C2_WEB_V1_35ce78b4
1788336900,1788337200,NEUTRAL,C2-1788336900-NEUTRAL,CEBONK_C2_WEB_V1_35ce78b4
1788337200,1788368400,BUY,C2-1788337200-BUY,CEBONK_C2_WEB_V1_35ce78b4
1788390000,1788454800,BUY,C2-1788390000-BUY,CEBONK_C2_WEB_V1_35ce78b4
1788476400,1788501600,BUY,C2-1788476400-BUY,CEBONK_C2_WEB_V1_35ce78b4
1788501600,1788508800,NEUTRAL,C2-1788501600-NEUTRAL,CEBONK_C2_WEB_V1_35ce78b4
1788508800,1788509100,TRANSITION,C2-1788508800-TRANSITION,CEBONK_C2_WEB_V1_35ce78b4
1788509100,1788510300,NEUTRAL,C2-1788509100-NEUTRAL,CEBONK_C2_WEB_V1_35ce78b4
1788510300,1788541200,BUY,C2-1788510300-BUY,CEBONK_C2_WEB_V1_35ce78b4
1788562800,1788627600,BUY,C2-1788562800-BUY,CEBONK_C2_WEB_V1_35ce78b4
1788649200,1788689700,BUY,C2-1788649200-BUY,CEBONK_C2_WEB_V1_35ce78b4
1788689700,1788699600,NEUTRAL,C2-1788689700-NEUTRAL,CEBONK_C2_WEB_V1_35ce78b4
1788699600,1788699900,TRANSITION,C2-1788699600-TRANSITION,CEBONK_C2_WEB_V1_35ce78b4
1788699900,1788700500,NEUTRAL,C2-1788699900-NEUTRAL,CEBONK_C2_WEB_V1_35ce78b4
1788700500,1788714000,BUY,C2-1788700500-BUY,CEBONK_C2_WEB_V1_35ce78b4
1788735600,1788776700,BUY,C2-1788735600-BUY,CEBONK_C2_WEB_V1_35ce78b4
1788776700,1788789000,NEUTRAL,C2-1788776700-NEUTRAL,CEBONK_C2_WEB_V1_35ce78b4
1788789000,1788789300,TRANSITION,C2-1788789000-TRANSITION,CEBONK_C2_WEB_V1_35ce78b4
1788789300,1788800400,NEUTRAL,C2-1788789300-NEUTRAL,CEBONK_C2_WEB_V1_35ce78b4
1788822000,1788828000,NEUTRAL,C2-1788822000-NEUTRAL,CEBONK_C2_WEB_V1_35ce78b4
1788828000,1788843600,BUY,C2-1788828000-BUY,CEBONK_C2_WEB_V1_35ce78b4
1788843600,1788868800,NEUTRAL,C2-1788843600-NEUTRAL,CEBONK_C2_WEB_V1_35ce78b4
1788868800,1788886800,BUY,C2-1788868800-BUY,CEBONK_C2_WEB_V1_35ce78b4
1788908400,1788969900,NEUTRAL,C2-1788908400-NEUTRAL,CEBONK_C2_WEB_V1_35ce78b4
1788969900,1788973200,BUY,C2-1788969900-BUY,CEBONK_C2_WEB_V1_35ce78b4
1788994800,1789029600,NEUTRAL,C2-1788994800-NEUTRAL,CEBONK_C2_WEB_V1_35ce78b4
1789029600,1789059600,BUY,C2-1789029600-BUY,CEBONK_C2_WEB_V1_35ce78b4
1789081200,1789146000,BUY,C2-1789081200-BUY,CEBONK_C2_WEB_V1_35ce78b4
1789167600,1789232400,BUY,C2-1789167600-BUY,CEBONK_C2_WEB_V1_35ce78b4
1789254000,1789254900,NEUTRAL,C2-1789254000-NEUTRAL,CEBONK_C2_WEB_V1_35ce78b4
1789254900,1789255200,TRANSITION,C2-1789254900-TRANSITION,CEBONK_C2_WEB_V1_35ce78b4
1789255200,1789262100,NEUTRAL,C2-1789255200-NEUTRAL,CEBONK_C2_WEB_V1_35ce78b4
1789262100,1789304100,BUY,C2-1789262100-BUY,CEBONK_C2_WEB_V1_35ce78b4
1789304100,1789310100,NEUTRAL,C2-1789304100-NEUTRAL,CEBONK_C2_WEB_V1_35ce78b4
1789310100,1789310400,TRANSITION,C2-1789310100-TRANSITION,CEBONK_C2_WEB_V1_35ce78b4
1789310400,1789313400,NEUTRAL,C2-1789310400-NEUTRAL,CEBONK_C2_WEB_V1_35ce78b4
1789313400,1789318800,BUY,C2-1789313400-BUY,CEBONK_C2_WEB_V1_35ce78b4
1789340400,1789390200,BUY,C2-1789340400-BUY,CEBONK_C2_WEB_V1_35ce78b4
1789390200,1789391100,NEUTRAL,C2-1789390200-NEUTRAL,CEBONK_C2_WEB_V1_35ce78b4
1789391100,1789405200,BUY,C2-1789391100-BUY,CEBONK_C2_WEB_V1_35ce78b4
1789426800,1789440000,BUY,C2-1789426800-BUY,CEBONK_C2_WEB_V1_35ce78b4
1789440000,1789479300,NEUTRAL,C2-1789440000-NEUTRAL,CEBONK_C2_WEB_V1_35ce78b4
1789479300,1789485000,SELL,C2-1789479300-SELL,CEBONK_C2_WEB_V1_35ce78b4
1789485000,1789491600,NEUTRAL,C2-1789485000-NEUTRAL,CEBONK_C2_WEB_V1_35ce78b4
1789513200,1789513500,NEUTRAL,C2-1789513200-NEUTRAL,CEBONK_C2_WEB_V1_35ce78b4
1789513500,1789540800,BUY,C2-1789513500-BUY,CEBONK_C2_WEB_V1_35ce78b4
1789540800,1789578000,NEUTRAL,C2-1789540800-NEUTRAL,CEBONK_C2_WEB_V1_35ce78b4
1789599600,1789608300,BUY,C2-1789599600-BUY,CEBONK_C2_WEB_V1_35ce78b4
1789608300,1789617300,NEUTRAL,C2-1789608300-NEUTRAL,CEBONK_C2_WEB_V1_35ce78b4
1789617300,1789618200,SELL,C2-1789617300-SELL,CEBONK_C2_WEB_V1_35ce78b4
1789618200,1789618500,TRANSITION,C2-1789618200-TRANSITION,CEBONK_C2_WEB_V1_35ce78b4
1789618500,1789654200,NEUTRAL,C2-1789618500-NEUTRAL,CEBONK_C2_WEB_V1_35ce78b4
1789654200,1789664400,BUY,C2-1789654200-BUY,CEBONK_C2_WEB_V1_35ce78b4
1789686000,1789695300,NEUTRAL,C2-1789686000-NEUTRAL,CEBONK_C2_WEB_V1_35ce78b4
1789695300,1789702800,BUY,C2-1789695300-BUY,CEBONK_C2_WEB_V1_35ce78b4
1789702800,1789722600,NEUTRAL,C2-1789702800-NEUTRAL,CEBONK_C2_WEB_V1_35ce78b4
1789722600,1789728900,SELL,C2-1789722600-SELL,CEBONK_C2_WEB_V1_35ce78b4
1789728900,1789729200,TRANSITION,C2-1789728900-TRANSITION,CEBONK_C2_WEB_V1_35ce78b4
1789729200,1789750800,NEUTRAL,C2-1789729200-NEUTRAL,CEBONK_C2_WEB_V1_35ce78b4
1789772400,1789824600,NEUTRAL,C2-1789772400-NEUTRAL,CEBONK_C2_WEB_V1_35ce78b4
1789824600,1789837200,BUY,C2-1789824600-BUY,CEBONK_C2_WEB_V1_35ce78b4
1789858800,1789883100,NEUTRAL,C2-1789858800-NEUTRAL,CEBONK_C2_WEB_V1_35ce78b4
1789883100,1789884600,SELL,C2-1789883100-SELL,CEBONK_C2_WEB_V1_35ce78b4
1789884600,1789884900,TRANSITION,C2-1789884600-TRANSITION,CEBONK_C2_WEB_V1_35ce78b4
1789884900,1789923600,NEUTRAL,C2-1789884900-NEUTRAL,CEBONK_C2_WEB_V1_35ce78b4
1789945200,1789967400,BUY,C2-1789945200-BUY,CEBONK_C2_WEB_V1_35ce78b4
1789967400,1789981800,NEUTRAL,C2-1789967400-NEUTRAL,CEBONK_C2_WEB_V1_35ce78b4
1789981800,1789982700,SELL,C2-1789981800-SELL,CEBONK_C2_WEB_V1_35ce78b4
1789982700,1789983000,TRANSITION,C2-1789982700-TRANSITION,CEBONK_C2_WEB_V1_35ce78b4
1789983000,1789989900,NEUTRAL,C2-1789983000-NEUTRAL,CEBONK_C2_WEB_V1_35ce78b4
1789989900,1790010000,BUY,C2-1789989900-BUY,CEBONK_C2_WEB_V1_35ce78b4
1790031600,1790052600,BUY,C2-1790031600-BUY,CEBONK_C2_WEB_V1_35ce78b4
1790052600,1790056200,NEUTRAL,C2-1790052600-NEUTRAL,CEBONK_C2_WEB_V1_35ce78b4
1790056200,1790056500,TRANSITION,C2-1790056200-TRANSITION,CEBONK_C2_WEB_V1_35ce78b4
1790056500,1790066700,NEUTRAL,C2-1790056500-NEUTRAL,CEBONK_C2_WEB_V1_35ce78b4
1790066700,1790096400,BUY,C2-1790066700-BUY,CEBONK_C2_WEB_V1_35ce78b4
1790118000,1790134200,NEUTRAL,C2-1790118000-NEUTRAL,CEBONK_C2_WEB_V1_35ce78b4
1790134200,1790139600,SELL,C2-1790134200-SELL,CEBONK_C2_WEB_V1_35ce78b4
1790139600,1790149500,NEUTRAL,C2-1790139600-NEUTRAL,CEBONK_C2_WEB_V1_35ce78b4
1790149500,1790161800,BUY,C2-1790149500-BUY,CEBONK_C2_WEB_V1_35ce78b4
1790161800,1790182800,NEUTRAL,C2-1790161800-NEUTRAL,CEBONK_C2_WEB_V1_35ce78b4
1790204400,1790262900,NEUTRAL,C2-1790204400-NEUTRAL,CEBONK_C2_WEB_V1_35ce78b4
1790262900,1790269200,BUY,C2-1790262900-BUY,CEBONK_C2_WEB_V1_35ce78b4
1790290800,1790355600,NEUTRAL,C2-1790290800-NEUTRAL,CEBONK_C2_WEB_V1_35ce78b4
1790377200,1790392200,NEUTRAL,C2-1790377200-NEUTRAL,CEBONK_C2_WEB_V1_35ce78b4
1790392200,1790427000,BUY,C2-1790392200-BUY,CEBONK_C2_WEB_V1_35ce78b4
1790427000,1790439000,NEUTRAL,C2-1790427000-NEUTRAL,CEBONK_C2_WEB_V1_35ce78b4
1790439000,1790439300,TRANSITION,C2-1790439000-TRANSITION,CEBONK_C2_WEB_V1_35ce78b4
1790439300,1790442000,NEUTRAL,C2-1790439300-NEUTRAL,CEBONK_C2_WEB_V1_35ce78b4
1790463600,1790485200,BUY,C2-1790463600-BUY,CEBONK_C2_WEB_V1_35ce78b4
1790485200,1790499300,NEUTRAL,C2-1790485200-NEUTRAL,CEBONK_C2_WEB_V1_35ce78b4
1790499300,1790528400,BUY,C2-1790499300-BUY,CEBONK_C2_WEB_V1_35ce78b4
1790550000,1790584800,BUY,C2-1790550000-BUY,CEBONK_C2_WEB_V1_35ce78b4
1790584800,1790590500,NEUTRAL,C2-1790584800-NEUTRAL,CEBONK_C2_WEB_V1_35ce78b4
1790590500,1790602200,BUY,C2-1790590500-BUY,CEBONK_C2_WEB_V1_35ce78b4
1790602200,1790608800,NEUTRAL,C2-1790602200-NEUTRAL,CEBONK_C2_WEB_V1_35ce78b4
1790608800,1790609100,TRANSITION,C2-1790608800-TRANSITION,CEBONK_C2_WEB_V1_35ce78b4
1790609100,1790609700,NEUTRAL,C2-1790609100-NEUTRAL,CEBONK_C2_WEB_V1_35ce78b4
1790609700,1790614800,BUY,C2-1790609700-BUY,CEBONK_C2_WEB_V1_35ce78b4
1790636400,1790647200,BUY,C2-1790636400-BUY,CEBONK_C2_WEB_V1_35ce78b4
1790647200,1790657100,NEUTRAL,C2-1790647200-NEUTRAL,CEBONK_C2_WEB_V1_35ce78b4
1790657100,1790657400,TRANSITION,C2-1790657100-TRANSITION,CEBONK_C2_WEB_V1_35ce78b4
1790657400,1790666400,NEUTRAL,C2-1790657400-NEUTRAL,CEBONK_C2_WEB_V1_35ce78b4
1790666400,1790701200,BUY,C2-1790666400-BUY,CEBONK_C2_WEB_V1_35ce78b4
1790722800,1790724000,NEUTRAL,C2-1790722800-NEUTRAL,CEBONK_C2_WEB_V1_35ce78b4
1790724000,1790725500,SELL,C2-1790724000-SELL,CEBONK_C2_WEB_V1_35ce78b4
1790725500,1790725800,TRANSITION,C2-1790725500-TRANSITION,CEBONK_C2_WEB_V1_35ce78b4
1790725800,1790787600,NEUTRAL,C2-1790725800-NEUTRAL,CEBONK_C2_WEB_V1_35ce78b4
1790809200,1790812800,BUY,C2-1790809200-BUY,CEBONK_C2_WEB_V1_35ce78b4
1790812800,1790834400,NEUTRAL,C2-1790812800-NEUTRAL,CEBONK_C2_WEB_V1_35ce78b4
1790834400,1790840100,BUY,C2-1790834400-BUY,CEBONK_C2_WEB_V1_35ce78b4
1790840100,1790858700,NEUTRAL,C2-1790840100-NEUTRAL,CEBONK_C2_WEB_V1_35ce78b4
1790858700,1790859300,BUY,C2-1790858700-BUY,CEBONK_C2_WEB_V1_35ce78b4
1790859300,1790859600,TRANSITION,C2-1790859300-TRANSITION,CEBONK_C2_WEB_V1_35ce78b4
1790859600,1790871900,NEUTRAL,C2-1790859600-NEUTRAL,CEBONK_C2_WEB_V1_35ce78b4
1790871900,1790874000,SELL,C2-1790871900-SELL,CEBONK_C2_WEB_V1_35ce78b4
1790895600,1790901300,SELL,C2-1790895600-SELL,CEBONK_C2_WEB_V1_35ce78b4
1790901300,1790909400,NEUTRAL,C2-1790901300-NEUTRAL,CEBONK_C2_WEB_V1_35ce78b4
1790909400,1790909700,TRANSITION,C2-1790909400-TRANSITION,CEBONK_C2_WEB_V1_35ce78b4
1790909700,1790914500,NEUTRAL,C2-1790909700-NEUTRAL,CEBONK_C2_WEB_V1_35ce78b4
1790914500,1790960400,SELL,C2-1790914500-SELL,CEBONK_C2_WEB_V1_35ce78b4
1790982000,1791046800,SELL,C2-1790982000-SELL,CEBONK_C2_WEB_V1_35ce78b4
1791068400,1791133200,SELL,C2-1791068400-SELL,CEBONK_C2_WEB_V1_35ce78b4
1791154800,1791187800,SELL,C2-1791154800-SELL,CEBONK_C2_WEB_V1_35ce78b4
1791187800,1791188700,NEUTRAL,C2-1791187800-NEUTRAL,CEBONK_C2_WEB_V1_35ce78b4
1791188700,1791213000,SELL,C2-1791188700-SELL,CEBONK_C2_WEB_V1_35ce78b4
1791213000,1791219300,NEUTRAL,C2-1791213000-NEUTRAL,CEBONK_C2_WEB_V1_35ce78b4
1791219300,1791219600,BUY,C2-1791219300-BUY,CEBONK_C2_WEB_V1_35ce78b4
1791241200,1791269100,NEUTRAL,C2-1791241200-NEUTRAL,CEBONK_C2_WEB_V1_35ce78b4
1791269100,1791306000,BUY,C2-1791269100-BUY,CEBONK_C2_WEB_V1_35ce78b4
1791327600,1791375600,BUY,C2-1791327600-BUY,CEBONK_C2_WEB_V1_35ce78b4
1791375600,1791376200,NEUTRAL,C2-1791375600-NEUTRAL,CEBONK_C2_WEB_V1_35ce78b4
1791376200,1791392400,BUY,C2-1791376200-BUY,CEBONK_C2_WEB_V1_35ce78b4
1791414000,1791470400,BUY,C2-1791414000-BUY,CEBONK_C2_WEB_V1_35ce78b4
1791470400,1791478800,NEUTRAL,C2-1791470400-NEUTRAL,CEBONK_C2_WEB_V1_35ce78b4
1791500400,1791551100,NEUTRAL,C2-1791500400-NEUTRAL,CEBONK_C2_WEB_V1_35ce78b4
1791551100,1791551400,TRANSITION,C2-1791551100-TRANSITION,CEBONK_C2_WEB_V1_35ce78b4
1791551400,1791553200,NEUTRAL,C2-1791551400-NEUTRAL,CEBONK_C2_WEB_V1_35ce78b4
1791553200,1791554100,BUY,C2-1791553200-BUY,CEBONK_C2_WEB_V1_35ce78b4
1791554100,1791554400,TRANSITION,C2-1791554100-TRANSITION,CEBONK_C2_WEB_V1_35ce78b4
1791554400,1791565200,NEUTRAL,C2-1791554400-NEUTRAL,CEBONK_C2_WEB_V1_35ce78b4
1791586800,1791592800,NEUTRAL,C2-1791586800-NEUTRAL,CEBONK_C2_WEB_V1_35ce78b4
1791592800,1791618000,SELL,C2-1791592800-SELL,CEBONK_C2_WEB_V1_35ce78b4
1791618000,1791628500,NEUTRAL,C2-1791618000-NEUTRAL,CEBONK_C2_WEB_V1_35ce78b4
1791628500,1791632100,SELL,C2-1791628500-SELL,CEBONK_C2_WEB_V1_35ce78b4
1791632100,1791648000,NEUTRAL,C2-1791632100-NEUTRAL,CEBONK_C2_WEB_V1_35ce78b4
1791648000,1791648300,TRANSITION,C2-1791648000-TRANSITION,CEBONK_C2_WEB_V1_35ce78b4
1791648300,1791651600,NEUTRAL,C2-1791648300-NEUTRAL,CEBONK_C2_WEB_V1_35ce78b4
1791673200,1791673500,NEUTRAL,C2-1791673200-NEUTRAL,CEBONK_C2_WEB_V1_35ce78b4
1791673500,1791673800,TRANSITION,C2-1791673500-TRANSITION,CEBONK_C2_WEB_V1_35ce78b4
1791673800,1791674100,NEUTRAL,C2-1791673800-NEUTRAL,CEBONK_C2_WEB_V1_35ce78b4
1791674100,1791674400,TRANSITION,C2-1791674100-TRANSITION,CEBONK_C2_WEB_V1_35ce78b4
1791674400,1791738000,NEUTRAL,C2-1791674400-NEUTRAL,CEBONK_C2_WEB_V1_35ce78b4
1791759600,1791759900,SELL,C2-1791759600-SELL,CEBONK_C2_WEB_V1_35ce78b4
1791759900,1791779700,NEUTRAL,C2-1791759900-NEUTRAL,CEBONK_C2_WEB_V1_35ce78b4
1791779700,1791780000,TRANSITION,C2-1791779700-TRANSITION,CEBONK_C2_WEB_V1_35ce78b4
1791780000,1791785400,NEUTRAL,C2-1791780000-NEUTRAL,CEBONK_C2_WEB_V1_35ce78b4
1791785400,1791789900,SELL,C2-1791785400-SELL,CEBONK_C2_WEB_V1_35ce78b4
1791789900,1791824400,NEUTRAL,C2-1791789900-NEUTRAL,CEBONK_C2_WEB_V1_35ce78b4
1791846000,1791879000,NEUTRAL,C2-1791846000-NEUTRAL,CEBONK_C2_WEB_V1_35ce78b4
1791879000,1791881700,SELL,C2-1791879000-SELL,CEBONK_C2_WEB_V1_35ce78b4
1791881700,1791882000,TRANSITION,C2-1791881700-TRANSITION,CEBONK_C2_WEB_V1_35ce78b4
1791882000,1791894900,NEUTRAL,C2-1791882000-NEUTRAL,CEBONK_C2_WEB_V1_35ce78b4
1791894900,1791910800,BUY,C2-1791894900-BUY,CEBONK_C2_WEB_V1_35ce78b4
1791932400,1791976500,BUY,C2-1791932400-BUY,CEBONK_C2_WEB_V1_35ce78b4
1791976500,1791977400,NEUTRAL,C2-1791976500-NEUTRAL,CEBONK_C2_WEB_V1_35ce78b4
1791977400,1791997200,BUY,C2-1791977400-BUY,CEBONK_C2_WEB_V1_35ce78b4
1792018800,1792083600,BUY,C2-1792018800-BUY,CEBONK_C2_WEB_V1_35ce78b4
1792105200,1792170000,BUY,C2-1792105200-BUY,CEBONK_C2_WEB_V1_35ce78b4
1792191600,1792220700,BUY,C2-1792191600-BUY,CEBONK_C2_WEB_V1_35ce78b4
1792220700,1792231200,NEUTRAL,C2-1792220700-NEUTRAL,CEBONK_C2_WEB_V1_35ce78b4
1792231200,1792231500,TRANSITION,C2-1792231200-TRANSITION,CEBONK_C2_WEB_V1_35ce78b4
1792231500,1792243200,NEUTRAL,C2-1792231500-NEUTRAL,CEBONK_C2_WEB_V1_35ce78b4
1792243200,1792256400,BUY,C2-1792243200-BUY,CEBONK_C2_WEB_V1_35ce78b4
1792278000,1792283400,NEUTRAL,C2-1792278000-NEUTRAL,CEBONK_C2_WEB_V1_35ce78b4
1792283400,1792298100,BUY,C2-1792283400-BUY,CEBONK_C2_WEB_V1_35ce78b4
1792298100,1792333200,NEUTRAL,C2-1792298100-NEUTRAL,CEBONK_C2_WEB_V1_35ce78b4
1792333200,1792342800,SELL,C2-1792333200-SELL,CEBONK_C2_WEB_V1_35ce78b4
1792364400,1792392000,NEUTRAL,C2-1792364400-NEUTRAL,CEBONK_C2_WEB_V1_35ce78b4
1792392000,1792405500,SELL,C2-1792392000-SELL,CEBONK_C2_WEB_V1_35ce78b4
1792405500,1792425000,NEUTRAL,C2-1792405500-NEUTRAL,CEBONK_C2_WEB_V1_35ce78b4
1792425000,1792429200,SELL,C2-1792425000-SELL,CEBONK_C2_WEB_V1_35ce78b4
1792450800,1792451700,NEUTRAL,C2-1792450800-NEUTRAL,CEBONK_C2_WEB_V1_35ce78b4
1792451700,1792487700,SELL,C2-1792451700-SELL,CEBONK_C2_WEB_V1_35ce78b4
1792487700,1792488000,TRANSITION,C2-1792487700-TRANSITION,CEBONK_C2_WEB_V1_35ce78b4
1792488000,1792505400,NEUTRAL,C2-1792488000-NEUTRAL,CEBONK_C2_WEB_V1_35ce78b4
1792505400,1792515600,SELL,C2-1792505400-SELL,CEBONK_C2_WEB_V1_35ce78b4
1792537200,1792549800,SELL,C2-1792537200-SELL,CEBONK_C2_WEB_V1_35ce78b4
1792549800,1792568400,NEUTRAL,C2-1792549800-NEUTRAL,CEBONK_C2_WEB_V1_35ce78b4
1792568400,1792573800,BUY,C2-1792568400-BUY,CEBONK_C2_WEB_V1_35ce78b4
1792573800,1792598100,NEUTRAL,C2-1792573800-NEUTRAL,CEBONK_C2_WEB_V1_35ce78b4
1792598100,1792602000,BUY,C2-1792598100-BUY,CEBONK_C2_WEB_V1_35ce78b4
1792623600,1792624200,SELL,C2-1792623600-SELL,CEBONK_C2_WEB_V1_35ce78b4
1792624200,1792688400,NEUTRAL,C2-1792624200-NEUTRAL,CEBONK_C2_WEB_V1_35ce78b4
1792710000,1792717200,NEUTRAL,C2-1792710000-NEUTRAL,CEBONK_C2_WEB_V1_35ce78b4
1792717200,1792774800,BUY,C2-1792717200-BUY,CEBONK_C2_WEB_V1_35ce78b4
1792796400,1792846800,BUY,C2-1792796400-BUY,CEBONK_C2_WEB_V1_35ce78b4
1792846800,1792847700,NEUTRAL,C2-1792846800-NEUTRAL,CEBONK_C2_WEB_V1_35ce78b4
1792847700,1792861200,BUY,C2-1792847700-BUY,CEBONK_C2_WEB_V1_35ce78b4
1792882800,1792889700,BUY,C2-1792882800-BUY,CEBONK_C2_WEB_V1_35ce78b4
1792889700,1792927200,NEUTRAL,C2-1792889700-NEUTRAL,CEBONK_C2_WEB_V1_35ce78b4
1792927200,1792933800,BUY,C2-1792927200-BUY,CEBONK_C2_WEB_V1_35ce78b4
1792933800,1792947600,NEUTRAL,C2-1792933800-NEUTRAL,CEBONK_C2_WEB_V1_35ce78b4
1792969200,1793026200,SELL,C2-1792969200-SELL,CEBONK_C2_WEB_V1_35ce78b4
1793026200,1793034000,NEUTRAL,C2-1793026200-NEUTRAL,CEBONK_C2_WEB_V1_35ce78b4
1793055600,1793057400,NEUTRAL,C2-1793055600-NEUTRAL,CEBONK_C2_WEB_V1_35ce78b4
1793057400,1793076000,SELL,C2-1793057400-SELL,CEBONK_C2_WEB_V1_35ce78b4
1793076000,1793085000,NEUTRAL,C2-1793076000-NEUTRAL,CEBONK_C2_WEB_V1_35ce78b4
1793085000,1793097300,SELL,C2-1793085000-SELL,CEBONK_C2_WEB_V1_35ce78b4
1793097300,1793105100,NEUTRAL,C2-1793097300-NEUTRAL,CEBONK_C2_WEB_V1_35ce78b4
1793105100,1793118600,SELL,C2-1793105100-SELL,CEBONK_C2_WEB_V1_35ce78b4
1793118600,1793120400,NEUTRAL,C2-1793118600-NEUTRAL,CEBONK_C2_WEB_V1_35ce78b4
1793142000,1793157600,NEUTRAL,C2-1793142000-NEUTRAL,CEBONK_C2_WEB_V1_35ce78b4
1793157600,1793175000,BUY,C2-1793157600-BUY,CEBONK_C2_WEB_V1_35ce78b4
1793175000,1793197500,NEUTRAL,C2-1793175000-NEUTRAL,CEBONK_C2_WEB_V1_35ce78b4
1793197500,1793206800,BUY,C2-1793197500-BUY,CEBONK_C2_WEB_V1_35ce78b4
1793228400,1793242800,NEUTRAL,C2-1793228400-NEUTRAL,CEBONK_C2_WEB_V1_35ce78b4
1793242800,1793257200,BUY,C2-1793242800-BUY,CEBONK_C2_WEB_V1_35ce78b4
1793257200,1793284800,NEUTRAL,C2-1793257200-NEUTRAL,CEBONK_C2_WEB_V1_35ce78b4
1793284800,1793293200,BUY,C2-1793284800-BUY,CEBONK_C2_WEB_V1_35ce78b4
1793314800,1793335500,NEUTRAL,C2-1793314800-NEUTRAL,CEBONK_C2_WEB_V1_35ce78b4
1793335500,1793340600,SELL,C2-1793335500-SELL,CEBONK_C2_WEB_V1_35ce78b4
1793340600,1793365200,NEUTRAL,C2-1793340600-NEUTRAL,CEBONK_C2_WEB_V1_35ce78b4
1793365200,1793369700,BUY,C2-1793365200-BUY,CEBONK_C2_WEB_V1_35ce78b4
1793369700,1793376000,NEUTRAL,C2-1793369700-NEUTRAL,CEBONK_C2_WEB_V1_35ce78b4
1793376000,1793379600,SELL,C2-1793376000-SELL,CEBONK_C2_WEB_V1_35ce78b4
1793401200,1793428800,NEUTRAL,C2-1793401200-NEUTRAL,CEBONK_C2_WEB_V1_35ce78b4
1793428800,1793430600,BUY,C2-1793428800-BUY,CEBONK_C2_WEB_V1_35ce78b4
1793430600,1793466000,NEUTRAL,C2-1793430600-NEUTRAL,CEBONK_C2_WEB_V1_35ce78b4
1793487600,1793511300,NEUTRAL,C2-1793487600-NEUTRAL,CEBONK_C2_WEB_V1_35ce78b4
1793511300,1793514600,BUY,C2-1793511300-BUY,CEBONK_C2_WEB_V1_35ce78b4
1793514600,1793525700,NEUTRAL,C2-1793514600-NEUTRAL,CEBONK_C2_WEB_V1_35ce78b4
1793525700,1793526600,SELL,C2-1793525700-SELL,CEBONK_C2_WEB_V1_35ce78b4
1793526600,1793526900,TRANSITION,C2-1793526600-TRANSITION,CEBONK_C2_WEB_V1_35ce78b4
1793526900,1793534400,NEUTRAL,C2-1793526900-NEUTRAL,CEBONK_C2_WEB_V1_35ce78b4
1793534400,1793544600,BUY,C2-1793534400-BUY,CEBONK_C2_WEB_V1_35ce78b4
1793544600,1793552400,NEUTRAL,C2-1793544600-NEUTRAL,CEBONK_C2_WEB_V1_35ce78b4
1793574000,1793577900,NEUTRAL,C2-1793574000-NEUTRAL,CEBONK_C2_WEB_V1_35ce78b4
1793577900,1793591100,BUY,C2-1793577900-BUY,CEBONK_C2_WEB_V1_35ce78b4
1793591100,1793608800,NEUTRAL,C2-1793591100-NEUTRAL,CEBONK_C2_WEB_V1_35ce78b4
1793608800,1793625600,BUY,C2-1793608800-BUY,CEBONK_C2_WEB_V1_35ce78b4
1793625600,1793628000,NEUTRAL,C2-1793625600-NEUTRAL,CEBONK_C2_WEB_V1_35ce78b4
1793628000,1793638800,BUY,C2-1793628000-BUY,CEBONK_C2_WEB_V1_35ce78b4
1793660400,1793721600,BUY,C2-1793660400-BUY,CEBONK_C2_WEB_V1_35ce78b4
1793721600,1793724300,NEUTRAL,C2-1793721600-NEUTRAL,CEBONK_C2_WEB_V1_35ce78b4
1793724300,1793725200,BUY,C2-1793724300-BUY,CEBONK_C2_WEB_V1_35ce78b4
1793746800,1793811600,BUY,C2-1793746800-BUY,CEBONK_C2_WEB_V1_35ce78b4
1793833200,1793895300,BUY,C2-1793833200-BUY,CEBONK_C2_WEB_V1_35ce78b4
1793895300,1793898000,NEUTRAL,C2-1793895300-NEUTRAL,CEBONK_C2_WEB_V1_35ce78b4
1793919600,1793937300,BUY,C2-1793919600-BUY,CEBONK_C2_WEB_V1_35ce78b4
1793937300,1793948400,NEUTRAL,C2-1793937300-NEUTRAL,CEBONK_C2_WEB_V1_35ce78b4
1793948400,1793949600,SELL,C2-1793948400-SELL,CEBONK_C2_WEB_V1_35ce78b4
1793949600,1793949900,TRANSITION,C2-1793949600-TRANSITION,CEBONK_C2_WEB_V1_35ce78b4
1793949900,1793961300,NEUTRAL,C2-1793949900-NEUTRAL,CEBONK_C2_WEB_V1_35ce78b4
1793961300,1793984400,BUY,C2-1793961300-BUY,CEBONK_C2_WEB_V1_35ce78b4
1794006000,1794070800,BUY,C2-1794006000-BUY,CEBONK_C2_WEB_V1_35ce78b4
1794092400,1794101100,BUY,C2-1794092400-BUY,CEBONK_C2_WEB_V1_35ce78b4
1794101100,1794113700,NEUTRAL,C2-1794101100-NEUTRAL,CEBONK_C2_WEB_V1_35ce78b4
1794113700,1794114000,TRANSITION,C2-1794113700-TRANSITION,CEBONK_C2_WEB_V1_35ce78b4
1794114000,1794123900,NEUTRAL,C2-1794114000-NEUTRAL,CEBONK_C2_WEB_V1_35ce78b4
1794123900,1794157200,BUY,C2-1794123900-BUY,CEBONK_C2_WEB_V1_35ce78b4
1794178800,1794243300,BUY,C2-1794178800-BUY,CEBONK_C2_WEB_V1_35ce78b4
1794243300,1794243600,NEUTRAL,C2-1794243300-NEUTRAL,CEBONK_C2_WEB_V1_35ce78b4
1794265200,1794267300,NEUTRAL,C2-1794265200-NEUTRAL,CEBONK_C2_WEB_V1_35ce78b4
1794267300,1794267600,TRANSITION,C2-1794267300-TRANSITION,CEBONK_C2_WEB_V1_35ce78b4
1794267600,1794271200,NEUTRAL,C2-1794267600-NEUTRAL,CEBONK_C2_WEB_V1_35ce78b4
1794271200,1794329400,BUY,C2-1794271200-BUY,CEBONK_C2_WEB_V1_35ce78b4
1794329400,1794330000,NEUTRAL,C2-1794329400-NEUTRAL,CEBONK_C2_WEB_V1_35ce78b4
1794351600,1794416400,BUY,C2-1794351600-BUY,CEBONK_C2_WEB_V1_35ce78b4
1794438000,1794502800,BUY,C2-1794438000-BUY,CEBONK_C2_WEB_V1_35ce78b4
1794524400,1794540900,NEUTRAL,C2-1794524400-NEUTRAL,CEBONK_C2_WEB_V1_35ce78b4
1794540900,1794563700,BUY,C2-1794540900-BUY,CEBONK_C2_WEB_V1_35ce78b4
1794563700,1794576600,NEUTRAL,C2-1794563700-NEUTRAL,CEBONK_C2_WEB_V1_35ce78b4
1794576600,1794578400,SELL,C2-1794576600-SELL,CEBONK_C2_WEB_V1_35ce78b4
1794578400,1794578700,TRANSITION,C2-1794578400-TRANSITION,CEBONK_C2_WEB_V1_35ce78b4
1794578700,1794589200,NEUTRAL,C2-1794578700-NEUTRAL,CEBONK_C2_WEB_V1_35ce78b4
1794610800,1794644700,NEUTRAL,C2-1794610800-NEUTRAL,CEBONK_C2_WEB_V1_35ce78b4
1794644700,1794675600,BUY,C2-1794644700-BUY,CEBONK_C2_WEB_V1_35ce78b4
1794697200,1794762000,BUY,C2-1794697200-BUY,CEBONK_C2_WEB_V1_35ce78b4
1794783600,1794784200,NEUTRAL,C2-1794783600-NEUTRAL,CEBONK_C2_WEB_V1_35ce78b4
1794784200,1794822300,BUY,C2-1794784200-BUY,CEBONK_C2_WEB_V1_35ce78b4
1794822300,1794848400,NEUTRAL,C2-1794822300-NEUTRAL,CEBONK_C2_WEB_V1_35ce78b4
1794870000,1794899400,NEUTRAL,C2-1794870000-NEUTRAL,CEBONK_C2_WEB_V1_35ce78b4
1794899400,1794902100,BUY,C2-1794899400-BUY,CEBONK_C2_WEB_V1_35ce78b4
1794902100,1794902400,TRANSITION,C2-1794902100-TRANSITION,CEBONK_C2_WEB_V1_35ce78b4
1794902400,1794907800,NEUTRAL,C2-1794902400-NEUTRAL,CEBONK_C2_WEB_V1_35ce78b4
1794907800,1794934800,SELL,C2-1794907800-SELL,CEBONK_C2_WEB_V1_35ce78b4
1794956400,1795021200,SELL,C2-1794956400-SELL,CEBONK_C2_WEB_V1_35ce78b4
1795042800,1795107600,SELL,C2-1795042800-SELL,CEBONK_C2_WEB_V1_35ce78b4
1795129200,1795137900,NEUTRAL,C2-1795129200-NEUTRAL,CEBONK_C2_WEB_V1_35ce78b4
1795137900,1795139700,BUY,C2-1795137900-BUY,CEBONK_C2_WEB_V1_35ce78b4
1795139700,1795140000,TRANSITION,C2-1795139700-TRANSITION,CEBONK_C2_WEB_V1_35ce78b4
1795140000,1795172100,NEUTRAL,C2-1795140000-NEUTRAL,CEBONK_C2_WEB_V1_35ce78b4
1795172100,1795181700,BUY,C2-1795172100-BUY,CEBONK_C2_WEB_V1_35ce78b4
1795181700,1795194000,NEUTRAL,C2-1795181700-NEUTRAL,CEBONK_C2_WEB_V1_35ce78b4
1795215600,1795280400,NEUTRAL,C2-1795215600-NEUTRAL,CEBONK_C2_WEB_V1_35ce78b4
1795302000,1795308000,SELL,C2-1795302000-SELL,CEBONK_C2_WEB_V1_35ce78b4
1795308000,1795314300,NEUTRAL,C2-1795308000-NEUTRAL,CEBONK_C2_WEB_V1_35ce78b4
1795314300,1795351500,BUY,C2-1795314300-BUY,CEBONK_C2_WEB_V1_35ce78b4
1795351500,1795363200,NEUTRAL,C2-1795351500-NEUTRAL,CEBONK_C2_WEB_V1_35ce78b4
1795363200,1795363500,TRANSITION,C2-1795363200-TRANSITION,CEBONK_C2_WEB_V1_35ce78b4
1795363500,1795366800,NEUTRAL,C2-1795363500-NEUTRAL,CEBONK_C2_WEB_V1_35ce78b4
1795388400,1795407300,BUY,C2-1795388400-BUY,CEBONK_C2_WEB_V1_35ce78b4
1795407300,1795413600,NEUTRAL,C2-1795407300-NEUTRAL,CEBONK_C2_WEB_V1_35ce78b4
1795413600,1795453200,BUY,C2-1795413600-BUY,CEBONK_C2_WEB_V1_35ce78b4
1795474800,1795493700,BUY,C2-1795474800-BUY,CEBONK_C2_WEB_V1_35ce78b4
1795493700,1795498500,NEUTRAL,C2-1795493700-NEUTRAL,CEBONK_C2_WEB_V1_35ce78b4
1795498500,1795498800,TRANSITION,C2-1795498500-TRANSITION,CEBONK_C2_WEB_V1_35ce78b4
1795498800,1795501500,NEUTRAL,C2-1795498800-NEUTRAL,CEBONK_C2_WEB_V1_35ce78b4
1795501500,1795511100,BUY,C2-1795501500-BUY,CEBONK_C2_WEB_V1_35ce78b4
1795511100,1795515600,NEUTRAL,C2-1795511100-NEUTRAL,CEBONK_C2_WEB_V1_35ce78b4
1795515600,1795515900,TRANSITION,C2-1795515600-TRANSITION,CEBONK_C2_WEB_V1_35ce78b4
1795515900,1795517700,NEUTRAL,C2-1795515900-NEUTRAL,CEBONK_C2_WEB_V1_35ce78b4
1795517700,1795531800,BUY,C2-1795517700-BUY,CEBONK_C2_WEB_V1_35ce78b4
1795531800,1795532400,NEUTRAL,C2-1795531800-NEUTRAL,CEBONK_C2_WEB_V1_35ce78b4
1795532400,1795539600,BUY,C2-1795532400-BUY,CEBONK_C2_WEB_V1_35ce78b4
1795561200,1795626000,BUY,C2-1795561200-BUY,CEBONK_C2_WEB_V1_35ce78b4
1795647600,1795651500,NEUTRAL,C2-1795647600-NEUTRAL,CEBONK_C2_WEB_V1_35ce78b4
1795651500,1795699800,BUY,C2-1795651500-BUY,CEBONK_C2_WEB_V1_35ce78b4
1795699800,1795700400,NEUTRAL,C2-1795699800-NEUTRAL,CEBONK_C2_WEB_V1_35ce78b4
1795700400,1795712400,BUY,C2-1795700400-BUY,CEBONK_C2_WEB_V1_35ce78b4
1795734000,1795737300,NEUTRAL,C2-1795734000-NEUTRAL,CEBONK_C2_WEB_V1_35ce78b4
1795737300,1795737600,TRANSITION,C2-1795737300-TRANSITION,CEBONK_C2_WEB_V1_35ce78b4
1795737600,1795741800,NEUTRAL,C2-1795737600-NEUTRAL,CEBONK_C2_WEB_V1_35ce78b4
1795741800,1795798800,BUY,C2-1795741800-BUY,CEBONK_C2_WEB_V1_35ce78b4
1795820400,1795844100,BUY,C2-1795820400-BUY,CEBONK_C2_WEB_V1_35ce78b4
1795844100,1795845000,NEUTRAL,C2-1795844100-NEUTRAL,CEBONK_C2_WEB_V1_35ce78b4
1795845000,1795885200,BUY,C2-1795845000-BUY,CEBONK_C2_WEB_V1_35ce78b4
1795906800,1795971600,BUY,C2-1795906800-BUY,CEBONK_C2_WEB_V1_35ce78b4
1795993200,1796058000,BUY,C2-1795993200-BUY,CEBONK_C2_WEB_V1_35ce78b4
1796079600,1796099100,BUY,C2-1796079600-BUY,CEBONK_C2_WEB_V1_35ce78b4
1796099100,1796106000,NEUTRAL,C2-1796099100-NEUTRAL,CEBONK_C2_WEB_V1_35ce78b4
1796106000,1796106300,TRANSITION,C2-1796106000-TRANSITION,CEBONK_C2_WEB_V1_35ce78b4
1796106300,1796112300,NEUTRAL,C2-1796106300-NEUTRAL,CEBONK_C2_WEB_V1_35ce78b4
1796112300,1796144400,BUY,C2-1796112300-BUY,CEBONK_C2_WEB_V1_35ce78b4
1796166000,1796200200,NEUTRAL,C2-1796166000-NEUTRAL,CEBONK_C2_WEB_V1_35ce78b4
1796200200,1796203200,BUY,C2-1796200200-BUY,CEBONK_C2_WEB_V1_35ce78b4
1796203200,1796230800,NEUTRAL,C2-1796203200-NEUTRAL,CEBONK_C2_WEB_V1_35ce78b4
1796252400,1796253300,SELL,C2-1796252400-SELL,CEBONK_C2_WEB_V1_35ce78b4
1796253300,1796253600,TRANSITION,C2-1796253300-TRANSITION,CEBONK_C2_WEB_V1_35ce78b4
1796253600,1796259000,NEUTRAL,C2-1796253600-NEUTRAL,CEBONK_C2_WEB_V1_35ce78b4
1796259000,1796272200,BUY,C2-1796259000-BUY,CEBONK_C2_WEB_V1_35ce78b4
1796272200,1796283900,NEUTRAL,C2-1796272200-NEUTRAL,CEBONK_C2_WEB_V1_35ce78b4
1796283900,1796307600,SELL,C2-1796283900-SELL,CEBONK_C2_WEB_V1_35ce78b4
1796307600,1796317200,NEUTRAL,C2-1796307600-NEUTRAL,CEBONK_C2_WEB_V1_35ce78b4
1796338800,1796403600,SELL,C2-1796338800-SELL,CEBONK_C2_WEB_V1_35ce78b4
1796425200,1796448900,NEUTRAL,C2-1796425200-NEUTRAL,CEBONK_C2_WEB_V1_35ce78b4
1796448900,1796449800,BUY,C2-1796448900-BUY,CEBONK_C2_WEB_V1_35ce78b4
1796449800,1796450100,TRANSITION,C2-1796449800-TRANSITION,CEBONK_C2_WEB_V1_35ce78b4
1796450100,1796470500,NEUTRAL,C2-1796450100-NEUTRAL,CEBONK_C2_WEB_V1_35ce78b4
1796470500,1796470800,TRANSITION,C2-1796470500-TRANSITION,CEBONK_C2_WEB_V1_35ce78b4
1796470800,1796471100,SELL,C2-1796470800-SELL,CEBONK_C2_WEB_V1_35ce78b4
1796471100,1796471400,TRANSITION,C2-1796471100-TRANSITION,CEBONK_C2_WEB_V1_35ce78b4
1796471400,1796490000,NEUTRAL,C2-1796471400-NEUTRAL,CEBONK_C2_WEB_V1_35ce78b4
1796511600,1796576400,NEUTRAL,C2-1796511600-NEUTRAL,CEBONK_C2_WEB_V1_35ce78b4
1796598000,1796630100,NEUTRAL,C2-1796598000-NEUTRAL,CEBONK_C2_WEB_V1_35ce78b4
1796630100,1796636400,SELL,C2-1796630100-SELL,CEBONK_C2_WEB_V1_35ce78b4
1796636400,1796662800,NEUTRAL,C2-1796636400-NEUTRAL,CEBONK_C2_WEB_V1_35ce78b4
1796684400,1796697300,SELL,C2-1796684400-SELL,CEBONK_C2_WEB_V1_35ce78b4
1796697300,1796709600,NEUTRAL,C2-1796697300-NEUTRAL,CEBONK_C2_WEB_V1_35ce78b4
1796709600,1796713200,BUY,C2-1796709600-BUY,CEBONK_C2_WEB_V1_35ce78b4
1796713200,1796713500,TRANSITION,C2-1796713200-TRANSITION,CEBONK_C2_WEB_V1_35ce78b4
1796713500,1796726400,NEUTRAL,C2-1796713500-NEUTRAL,CEBONK_C2_WEB_V1_35ce78b4
1796726400,1796729400,SELL,C2-1796726400-SELL,CEBONK_C2_WEB_V1_35ce78b4
1796729400,1796749200,NEUTRAL,C2-1796729400-NEUTRAL,CEBONK_C2_WEB_V1_35ce78b4
1796770800,1796778000,NEUTRAL,C2-1796770800-NEUTRAL,CEBONK_C2_WEB_V1_35ce78b4
1796778000,1796778300,TRANSITION,C2-1796778000-TRANSITION,CEBONK_C2_WEB_V1_35ce78b4
1796778300,1796791800,NEUTRAL,C2-1796778300-NEUTRAL,CEBONK_C2_WEB_V1_35ce78b4
1796791800,1796835600,SELL,C2-1796791800-SELL,CEBONK_C2_WEB_V1_35ce78b4
1796857200,1796877900,NEUTRAL,C2-1796857200-NEUTRAL,CEBONK_C2_WEB_V1_35ce78b4
1796877900,1796885400,SELL,C2-1796877900-SELL,CEBONK_C2_WEB_V1_35ce78b4
1796885400,1796896800,NEUTRAL,C2-1796885400-NEUTRAL,CEBONK_C2_WEB_V1_35ce78b4
1796896800,1796919000,BUY,C2-1796896800-BUY,CEBONK_C2_WEB_V1_35ce78b4
1796919000,1796922000,NEUTRAL,C2-1796919000-NEUTRAL,CEBONK_C2_WEB_V1_35ce78b4
1796943600,1797008400,BUY,C2-1796943600-BUY,CEBONK_C2_WEB_V1_35ce78b4
1797030000,1797094800,BUY,C2-1797030000-BUY,CEBONK_C2_WEB_V1_35ce78b4
1797116400,1797128400,BUY,C2-1797116400-BUY,CEBONK_C2_WEB_V1_35ce78b4
1797128400,1797138900,NEUTRAL,C2-1797128400-NEUTRAL,CEBONK_C2_WEB_V1_35ce78b4
1797138900,1797139200,TRANSITION,C2-1797138900-TRANSITION,CEBONK_C2_WEB_V1_35ce78b4
1797139200,1797140700,NEUTRAL,C2-1797139200-NEUTRAL,CEBONK_C2_WEB_V1_35ce78b4
1797140700,1797181200,BUY,C2-1797140700-BUY,CEBONK_C2_WEB_V1_35ce78b4
1797202800,1797267600,BUY,C2-1797202800-BUY,CEBONK_C2_WEB_V1_35ce78b4
1797289200,1797353100,NEUTRAL,C2-1797289200-NEUTRAL,CEBONK_C2_WEB_V1_35ce78b4
1797353100,1797354000,SELL,C2-1797353100-SELL,CEBONK_C2_WEB_V1_35ce78b4
1797375600,1797382500,BUY,C2-1797375600-BUY,CEBONK_C2_WEB_V1_35ce78b4
1797382500,1797440400,NEUTRAL,C2-1797382500-NEUTRAL,CEBONK_C2_WEB_V1_35ce78b4
1797462000,1797486000,NEUTRAL,C2-1797462000-NEUTRAL,CEBONK_C2_WEB_V1_35ce78b4
1797486000,1797486600,SELL,C2-1797486000-SELL,CEBONK_C2_WEB_V1_35ce78b4
1797486600,1797486900,TRANSITION,C2-1797486600-TRANSITION,CEBONK_C2_WEB_V1_35ce78b4
1797486900,1797499200,NEUTRAL,C2-1797486900-NEUTRAL,CEBONK_C2_WEB_V1_35ce78b4
1797499200,1797526800,BUY,C2-1797499200-BUY,CEBONK_C2_WEB_V1_35ce78b4
1797548400,1797613200,BUY,C2-1797548400-BUY,CEBONK_C2_WEB_V1_35ce78b4
1797634800,1797699600,BUY,C2-1797634800-BUY,CEBONK_C2_WEB_V1_35ce78b4
1797721200,1797727800,BUY,C2-1797721200-BUY,CEBONK_C2_WEB_V1_35ce78b4
1797727800,1797737400,NEUTRAL,C2-1797727800-NEUTRAL,CEBONK_C2_WEB_V1_35ce78b4
1797737400,1797737700,TRANSITION,C2-1797737400-TRANSITION,CEBONK_C2_WEB_V1_35ce78b4
1797737700,1797747900,NEUTRAL,C2-1797737700-NEUTRAL,CEBONK_C2_WEB_V1_35ce78b4
1797747900,1797772200,BUY,C2-1797747900-BUY,CEBONK_C2_WEB_V1_35ce78b4
1797772200,1797786000,NEUTRAL,C2-1797772200-NEUTRAL,CEBONK_C2_WEB_V1_35ce78b4
1797807600,1797870600,NEUTRAL,C2-1797807600-NEUTRAL,CEBONK_C2_WEB_V1_35ce78b4
1797870600,1797872400,SELL,C2-1797870600-SELL,CEBONK_C2_WEB_V1_35ce78b4
1797894000,1797900300,NEUTRAL,C2-1797894000-NEUTRAL,CEBONK_C2_WEB_V1_35ce78b4
1797900300,1797902100,BUY,C2-1797900300-BUY,CEBONK_C2_WEB_V1_35ce78b4
1797902100,1797906600,NEUTRAL,C2-1797902100-NEUTRAL,CEBONK_C2_WEB_V1_35ce78b4
1797906600,1797920100,BUY,C2-1797906600-BUY,CEBONK_C2_WEB_V1_35ce78b4
1797920100,1797939000,NEUTRAL,C2-1797920100-NEUTRAL,CEBONK_C2_WEB_V1_35ce78b4
1797939000,1797939300,TRANSITION,C2-1797939000-TRANSITION,CEBONK_C2_WEB_V1_35ce78b4
1797939300,1797939900,NEUTRAL,C2-1797939300-NEUTRAL,CEBONK_C2_WEB_V1_35ce78b4
1797939900,1797940500,SELL,C2-1797939900-SELL,CEBONK_C2_WEB_V1_35ce78b4
1797940500,1797940800,TRANSITION,C2-1797940500-TRANSITION,CEBONK_C2_WEB_V1_35ce78b4
1797940800,1797958800,NEUTRAL,C2-1797940800-NEUTRAL,CEBONK_C2_WEB_V1_35ce78b4
1797980400,1798041600,NEUTRAL,C2-1797980400-NEUTRAL,CEBONK_C2_WEB_V1_35ce78b4
1798041600,1798045200,BUY,C2-1798041600-BUY,CEBONK_C2_WEB_V1_35ce78b4
1798066800,1798068300,NEUTRAL,C2-1798066800-NEUTRAL,CEBONK_C2_WEB_V1_35ce78b4
1798068300,1798080000,SELL,C2-1798068300-SELL,CEBONK_C2_WEB_V1_35ce78b4
1798080000,1798109100,NEUTRAL,C2-1798080000-NEUTRAL,CEBONK_C2_WEB_V1_35ce78b4
1798109100,1798109400,TRANSITION,C2-1798109100-TRANSITION,CEBONK_C2_WEB_V1_35ce78b4
1798109400,1798112400,NEUTRAL,C2-1798109400-NEUTRAL,CEBONK_C2_WEB_V1_35ce78b4
1798112400,1798112700,BUY,C2-1798112400-BUY,CEBONK_C2_WEB_V1_35ce78b4
1798112700,1798131600,NEUTRAL,C2-1798112700-NEUTRAL,CEBONK_C2_WEB_V1_35ce78b4
1798153200,1798164000,BUY,C2-1798153200-BUY,CEBONK_C2_WEB_V1_35ce78b4
1798164000,1798218000,NEUTRAL,C2-1798164000-NEUTRAL,CEBONK_C2_WEB_V1_35ce78b4
1798239600,1798248000,BUY,C2-1798239600-BUY,CEBONK_C2_WEB_V1_35ce78b4
1798248000,1798254000,NEUTRAL,C2-1798248000-NEUTRAL,CEBONK_C2_WEB_V1_35ce78b4
1798254000,1798261500,SELL,C2-1798254000-SELL,CEBONK_C2_WEB_V1_35ce78b4
1798261500,1798273500,NEUTRAL,C2-1798261500-NEUTRAL,CEBONK_C2_WEB_V1_35ce78b4
1798273500,1798285500,BUY,C2-1798273500-BUY,CEBONK_C2_WEB_V1_35ce78b4
1798285500,1798304400,NEUTRAL,C2-1798285500-NEUTRAL,CEBONK_C2_WEB_V1_35ce78b4
1798326000,1798337100,NEUTRAL,C2-1798326000-NEUTRAL,CEBONK_C2_WEB_V1_35ce78b4
1798337100,1798345500,SELL,C2-1798337100-SELL,CEBONK_C2_WEB_V1_35ce78b4
1798345500,1798381200,NEUTRAL,C2-1798345500-NEUTRAL,CEBONK_C2_WEB_V1_35ce78b4
1798381200,1798390800,BUY,C2-1798381200-BUY,CEBONK_C2_WEB_V1_35ce78b4
1798412400,1798432500,NEUTRAL,C2-1798412400-NEUTRAL,CEBONK_C2_WEB_V1_35ce78b4
1798432500,1798433400,BUY,C2-1798432500-BUY,CEBONK_C2_WEB_V1_35ce78b4
1798433400,1798440000,NEUTRAL,C2-1798433400-NEUTRAL,CEBONK_C2_WEB_V1_35ce78b4
1798440000,1798454400,BUY,C2-1798440000-BUY,CEBONK_C2_WEB_V1_35ce78b4
1798454400,1798477200,NEUTRAL,C2-1798454400-NEUTRAL,CEBONK_C2_WEB_V1_35ce78b4
1798498800,1798523700,NEUTRAL,C2-1798498800-NEUTRAL,CEBONK_C2_WEB_V1_35ce78b4
1798523700,1798524600,SELL,C2-1798523700-SELL,CEBONK_C2_WEB_V1_35ce78b4
1798524600,1798539900,NEUTRAL,C2-1798524600-NEUTRAL,CEBONK_C2_WEB_V1_35ce78b4
1798539900,1798540200,TRANSITION,C2-1798539900-TRANSITION,CEBONK_C2_WEB_V1_35ce78b4
1798540200,1798563600,NEUTRAL,C2-1798540200-NEUTRAL,CEBONK_C2_WEB_V1_35ce78b4
1798585200,1798592100,SELL,C2-1798585200-SELL,CEBONK_C2_WEB_V1_35ce78b4
1798592100,1798592400,TRANSITION,C2-1798592100-TRANSITION,CEBONK_C2_WEB_V1_35ce78b4
1798592400,1798597800,NEUTRAL,C2-1798592400-NEUTRAL,CEBONK_C2_WEB_V1_35ce78b4
1798597800,1798609200,SELL,C2-1798597800-SELL,CEBONK_C2_WEB_V1_35ce78b4
1798609200,1798621200,NEUTRAL,C2-1798609200-NEUTRAL,CEBONK_C2_WEB_V1_35ce78b4
1798621200,1798627200,BUY,C2-1798621200-BUY,CEBONK_C2_WEB_V1_35ce78b4
1798627200,1798639500,NEUTRAL,C2-1798627200-NEUTRAL,CEBONK_C2_WEB_V1_35ce78b4
1798639500,1798650000,SELL,C2-1798639500-SELL,CEBONK_C2_WEB_V1_35ce78b4
1798671600,1798678200,NEUTRAL,C2-1798671600-NEUTRAL,CEBONK_C2_WEB_V1_35ce78b4
1798678200,1798736400,BUY,C2-1798678200-BUY,CEBONK_C2_WEB_V1_35ce78b4
1798758000,1798822800,BUY,C2-1798758000-BUY,CEBONK_C2_WEB_V1_35ce78b4
1798844400,1798891800,BUY,C2-1798844400-BUY,CEBONK_C2_WEB_V1_35ce78b4
1798891800,1798909200,NEUTRAL,C2-1798891800-NEUTRAL,CEBONK_C2_WEB_V1_35ce78b4
1798930800,1798975800,NEUTRAL,C2-1798930800-NEUTRAL,CEBONK_C2_WEB_V1_35ce78b4
1798975800,1798995600,SELL,C2-1798975800-SELL,CEBONK_C2_WEB_V1_35ce78b4
1799017200,1799022900,NEUTRAL,C2-1799017200-NEUTRAL,CEBONK_C2_WEB_V1_35ce78b4
1799022900,1799030400,SELL,C2-1799022900-SELL,CEBONK_C2_WEB_V1_35ce78b4
1799030400,1799065500,NEUTRAL,C2-1799030400-NEUTRAL,CEBONK_C2_WEB_V1_35ce78b4
1799065500,1799071800,BUY,C2-1799065500-BUY,CEBONK_C2_WEB_V1_35ce78b4
1799071800,1799079900,NEUTRAL,C2-1799071800-NEUTRAL,CEBONK_C2_WEB_V1_35ce78b4
1799079900,1799082000,SELL,C2-1799079900-SELL,CEBONK_C2_WEB_V1_35ce78b4
1799103600,1799168400,NEUTRAL,C2-1799103600-NEUTRAL,CEBONK_C2_WEB_V1_35ce78b4
1799190000,1799208900,BUY,C2-1799190000-BUY,CEBONK_C2_WEB_V1_35ce78b4
1799208900,1799254800,NEUTRAL,C2-1799208900-NEUTRAL,CEBONK_C2_WEB_V1_35ce78b4
1799276400,1799285700,NEUTRAL,C2-1799276400-NEUTRAL,CEBONK_C2_WEB_V1_35ce78b4
1799285700,1799290500,SELL,C2-1799285700-SELL,CEBONK_C2_WEB_V1_35ce78b4
1799290500,1799290800,TRANSITION,C2-1799290500-TRANSITION,CEBONK_C2_WEB_V1_35ce78b4
1799290800,1799297700,NEUTRAL,C2-1799290800-NEUTRAL,CEBONK_C2_WEB_V1_35ce78b4
1799297700,1799313300,BUY,C2-1799297700-BUY,CEBONK_C2_WEB_V1_35ce78b4
1799313300,1799340900,NEUTRAL,C2-1799313300-NEUTRAL,CEBONK_C2_WEB_V1_35ce78b4
1799340900,1799341200,BUY,C2-1799340900-BUY,CEBONK_C2_WEB_V1_35ce78b4
1799362800,1799364600,BUY,C2-1799362800-BUY,CEBONK_C2_WEB_V1_35ce78b4
1799364600,1799427600,NEUTRAL,C2-1799364600-NEUTRAL,CEBONK_C2_WEB_V1_35ce78b4
1799449200,1799469000,BUY,C2-1799449200-BUY,CEBONK_C2_WEB_V1_35ce78b4
1799469000,1799487600,NEUTRAL,C2-1799469000-NEUTRAL,CEBONK_C2_WEB_V1_35ce78b4
1799487600,1799487900,TRANSITION,C2-1799487600-TRANSITION,CEBONK_C2_WEB_V1_35ce78b4
1799487900,1799503800,NEUTRAL,C2-1799487900-NEUTRAL,CEBONK_C2_WEB_V1_35ce78b4
1799503800,1799514000,BUY,C2-1799503800-BUY,CEBONK_C2_WEB_V1_35ce78b4
1799535600,1799600400,NEUTRAL,C2-1799535600-NEUTRAL,CEBONK_C2_WEB_V1_35ce78b4
1799622000,1799629800,NEUTRAL,C2-1799622000-NEUTRAL,CEBONK_C2_WEB_V1_35ce78b4
1799629800,1799633400,SELL,C2-1799629800-SELL,CEBONK_C2_WEB_V1_35ce78b4
1799633400,1799633700,TRANSITION,C2-1799633400-TRANSITION,CEBONK_C2_WEB_V1_35ce78b4
1799633700,1799645700,NEUTRAL,C2-1799633700-NEUTRAL,CEBONK_C2_WEB_V1_35ce78b4
1799645700,1799672700,BUY,C2-1799645700-BUY,CEBONK_C2_WEB_V1_35ce78b4
1799672700,1799681100,NEUTRAL,C2-1799672700-NEUTRAL,CEBONK_C2_WEB_V1_35ce78b4
1799681100,1799683800,BUY,C2-1799681100-BUY,CEBONK_C2_WEB_V1_35ce78b4
1799683800,1799686800,NEUTRAL,C2-1799683800-NEUTRAL,CEBONK_C2_WEB_V1_35ce78b4
1799708400,1799725800,BUY,C2-1799708400-BUY,CEBONK_C2_WEB_V1_35ce78b4
1799725800,1799737800,NEUTRAL,C2-1799725800-NEUTRAL,CEBONK_C2_WEB_V1_35ce78b4
1799737800,1799738700,SELL,C2-1799737800-SELL,CEBONK_C2_WEB_V1_35ce78b4
1799738700,1799739000,TRANSITION,C2-1799738700-TRANSITION,CEBONK_C2_WEB_V1_35ce78b4
1799739000,1799751300,NEUTRAL,C2-1799739000-NEUTRAL,CEBONK_C2_WEB_V1_35ce78b4
1799751300,1799773200,BUY,C2-1799751300-BUY,CEBONK_C2_WEB_V1_35ce78b4
1799794800,1799813700,NEUTRAL,C2-1799794800-NEUTRAL,CEBONK_C2_WEB_V1_35ce78b4
1799813700,1799837700,BUY,C2-1799813700-BUY,CEBONK_C2_WEB_V1_35ce78b4
1799837700,1799854200,NEUTRAL,C2-1799837700-NEUTRAL,CEBONK_C2_WEB_V1_35ce78b4
1799854200,1799859600,BUY,C2-1799854200-BUY,CEBONK_C2_WEB_V1_35ce78b4
1799881200,1799946000,BUY,C2-1799881200-BUY,CEBONK_C2_WEB_V1_35ce78b4
1799967600,1800032400,BUY,C2-1799967600-BUY,CEBONK_C2_WEB_V1_35ce78b4
1800054000,1800054300,BUY,C2-1800054000-BUY,CEBONK_C2_WEB_V1_35ce78b4
1800054300,1800054600,TRANSITION,C2-1800054300-TRANSITION,CEBONK_C2_WEB_V1_35ce78b4
1800054600,1800059100,NEUTRAL,C2-1800054600-NEUTRAL,CEBONK_C2_WEB_V1_35ce78b4
1800059100,1800060900,BUY,C2-1800059100-BUY,CEBONK_C2_WEB_V1_35ce78b4
1800060900,1800099900,NEUTRAL,C2-1800060900-NEUTRAL,CEBONK_C2_WEB_V1_35ce78b4
1800099900,1800115800,SELL,C2-1800099900-SELL,CEBONK_C2_WEB_V1_35ce78b4
1800115800,1800118800,NEUTRAL,C2-1800115800-NEUTRAL,CEBONK_C2_WEB_V1_35ce78b4
1800140400,1800141600,BUY,C2-1800140400-BUY,CEBONK_C2_WEB_V1_35ce78b4
1800141600,1800205200,NEUTRAL,C2-1800141600-NEUTRAL,CEBONK_C2_WEB_V1_35ce78b4
1800226800,1800233700,SELL,C2-1800226800-SELL,CEBONK_C2_WEB_V1_35ce78b4
1800233700,1800240600,NEUTRAL,C2-1800233700-NEUTRAL,CEBONK_C2_WEB_V1_35ce78b4
1800240600,1800261300,BUY,C2-1800240600-BUY,CEBONK_C2_WEB_V1_35ce78b4
1800261300,1800261900,NEUTRAL,C2-1800261300-NEUTRAL,CEBONK_C2_WEB_V1_35ce78b4
1800261900,1800291600,BUY,C2-1800261900-BUY,CEBONK_C2_WEB_V1_35ce78b4
1800313200,1800320400,BUY,C2-1800313200-BUY,CEBONK_C2_WEB_V1_35ce78b4
1800320400,1800321000,NEUTRAL,C2-1800320400-NEUTRAL,CEBONK_C2_WEB_V1_35ce78b4
1800321000,1800323400,BUY,C2-1800321000-BUY,CEBONK_C2_WEB_V1_35ce78b4
1800323400,1800335400,NEUTRAL,C2-1800323400-NEUTRAL,CEBONK_C2_WEB_V1_35ce78b4
1800335400,1800337200,SELL,C2-1800335400-SELL,CEBONK_C2_WEB_V1_35ce78b4
1800337200,1800337500,TRANSITION,C2-1800337200-TRANSITION,CEBONK_C2_WEB_V1_35ce78b4
1800337500,1800378000,NEUTRAL,C2-1800337500-NEUTRAL,CEBONK_C2_WEB_V1_35ce78b4
1800399600,1800400200,NEUTRAL,C2-1800399600-NEUTRAL,CEBONK_C2_WEB_V1_35ce78b4
1800400200,1800413100,BUY,C2-1800400200-BUY,CEBONK_C2_WEB_V1_35ce78b4
1800413100,1800464400,NEUTRAL,C2-1800413100-NEUTRAL,CEBONK_C2_WEB_V1_35ce78b4
1800486000,1800491100,NEUTRAL,C2-1800486000-NEUTRAL,CEBONK_C2_WEB_V1_35ce78b4
1800491100,1800550800,BUY,C2-1800491100-BUY,CEBONK_C2_WEB_V1_35ce78b4
1800572400,1800630900,BUY,C2-1800572400-BUY,CEBONK_C2_WEB_V1_35ce78b4
1800630900,1800636600,NEUTRAL,C2-1800630900-NEUTRAL,CEBONK_C2_WEB_V1_35ce78b4
1800636600,1800636900,TRANSITION,C2-1800636600-TRANSITION,CEBONK_C2_WEB_V1_35ce78b4
1800636900,1800637200,NEUTRAL,C2-1800636900-NEUTRAL,CEBONK_C2_WEB_V1_35ce78b4
1800658800,1800723600,BUY,C2-1800658800-BUY,CEBONK_C2_WEB_V1_35ce78b4
1800745200,1800780900,BUY,C2-1800745200-BUY,CEBONK_C2_WEB_V1_35ce78b4
1800780900,1800801300,NEUTRAL,C2-1800780900-NEUTRAL,CEBONK_C2_WEB_V1_35ce78b4
1800801300,1800810000,BUY,C2-1800801300-BUY,CEBONK_C2_WEB_V1_35ce78b4
1800831600,1800845400,NEUTRAL,C2-1800831600-NEUTRAL,CEBONK_C2_WEB_V1_35ce78b4
1800845400,1800869400,BUY,C2-1800845400-BUY,CEBONK_C2_WEB_V1_35ce78b4
1800869400,1800896400,NEUTRAL,C2-1800869400-NEUTRAL,CEBONK_C2_WEB_V1_35ce78b4
1800918000,1800982800,NEUTRAL,C2-1800918000-NEUTRAL,CEBONK_C2_WEB_V1_35ce78b4
1801004400,1801008000,BUY,C2-1801004400-BUY,CEBONK_C2_WEB_V1_35ce78b4
1801008000,1801015500,NEUTRAL,C2-1801008000-NEUTRAL,CEBONK_C2_WEB_V1_35ce78b4
1801015500,1801038000,SELL,C2-1801015500-SELL,CEBONK_C2_WEB_V1_35ce78b4
1801038000,1801044900,NEUTRAL,C2-1801038000-NEUTRAL,CEBONK_C2_WEB_V1_35ce78b4
1801044900,1801069200,SELL,C2-1801044900-SELL,CEBONK_C2_WEB_V1_35ce78b4
1801090800,1801102500,NEUTRAL,C2-1801090800-NEUTRAL,CEBONK_C2_WEB_V1_35ce78b4
1801102500,1801155600,BUY,C2-1801102500-BUY,CEBONK_C2_WEB_V1_35ce78b4
1801177200,1801242000,BUY,C2-1801177200-BUY,CEBONK_C2_WEB_V1_35ce78b4
1801263600,1801311300,BUY,C2-1801263600-BUY,CEBONK_C2_WEB_V1_35ce78b4
1801311300,1801320000,NEUTRAL,C2-1801311300-NEUTRAL,CEBONK_C2_WEB_V1_35ce78b4
1801320000,1801320300,TRANSITION,C2-1801320000-TRANSITION,CEBONK_C2_WEB_V1_35ce78b4
1801320300,1801328400,NEUTRAL,C2-1801320300-NEUTRAL,CEBONK_C2_WEB_V1_35ce78b4
1801350000,1801377900,NEUTRAL,C2-1801350000-NEUTRAL,CEBONK_C2_WEB_V1_35ce78b4
1801377900,1801378200,TRANSITION,C2-1801377900-TRANSITION,CEBONK_C2_WEB_V1_35ce78b4
1801378200,1801380300,NEUTRAL,C2-1801378200-NEUTRAL,CEBONK_C2_WEB_V1_35ce78b4
1801380300,1801408500,BUY,C2-1801380300-BUY,CEBONK_C2_WEB_V1_35ce78b4
1801408500,1801414800,NEUTRAL,C2-1801408500-NEUTRAL,CEBONK_C2_WEB_V1_35ce78b4
1801436400,1801456500,BUY,C2-1801436400-BUY,CEBONK_C2_WEB_V1_35ce78b4
1801456500,1801501200,NEUTRAL,C2-1801456500-NEUTRAL,CEBONK_C2_WEB_V1_35ce78b4
1801522800,1801526700,NEUTRAL,C2-1801522800-NEUTRAL,CEBONK_C2_WEB_V1_35ce78b4
1801526700,1801537200,BUY,C2-1801526700-BUY,CEBONK_C2_WEB_V1_35ce78b4
1801537200,1801573200,NEUTRAL,C2-1801537200-NEUTRAL,CEBONK_C2_WEB_V1_35ce78b4
1801573200,1801574100,BUY,C2-1801573200-BUY,CEBONK_C2_WEB_V1_35ce78b4
1801574100,1801574400,TRANSITION,C2-1801574100-TRANSITION,CEBONK_C2_WEB_V1_35ce78b4
1801574400,1801587600,NEUTRAL,C2-1801574400-NEUTRAL,CEBONK_C2_WEB_V1_35ce78b4
1801609200,1801626000,NEUTRAL,C2-1801609200-NEUTRAL,CEBONK_C2_WEB_V1_35ce78b4
1801626000,1801636800,BUY,C2-1801626000-BUY,CEBONK_C2_WEB_V1_35ce78b4
1801636800,1801651500,NEUTRAL,C2-1801636800-NEUTRAL,CEBONK_C2_WEB_V1_35ce78b4
1801651500,1801665300,SELL,C2-1801651500-SELL,CEBONK_C2_WEB_V1_35ce78b4
1801665300,1801674000,NEUTRAL,C2-1801665300-NEUTRAL,CEBONK_C2_WEB_V1_35ce78b4
1801695600,1801760400,NEUTRAL,C2-1801695600-NEUTRAL,CEBONK_C2_WEB_V1_35ce78b4
1801782000,1801813800,NEUTRAL,C2-1801782000-NEUTRAL,CEBONK_C2_WEB_V1_35ce78b4
1801813800,1801814700,BUY,C2-1801813800-BUY,CEBONK_C2_WEB_V1_35ce78b4
1801814700,1801828800,NEUTRAL,C2-1801814700-NEUTRAL,CEBONK_C2_WEB_V1_35ce78b4
1801828800,1801846800,SELL,C2-1801828800-SELL,CEBONK_C2_WEB_V1_35ce78b4
1801868400,1801868700,SELL,C2-1801868400-SELL,CEBONK_C2_WEB_V1_35ce78b4
1801868700,1801880100,NEUTRAL,C2-1801868700-NEUTRAL,CEBONK_C2_WEB_V1_35ce78b4
1801880100,1801880400,TRANSITION,C2-1801880100-TRANSITION,CEBONK_C2_WEB_V1_35ce78b4
1801880400,1801889700,NEUTRAL,C2-1801880400-NEUTRAL,CEBONK_C2_WEB_V1_35ce78b4
1801889700,1801915500,SELL,C2-1801889700-SELL,CEBONK_C2_WEB_V1_35ce78b4
1801915500,1801929900,NEUTRAL,C2-1801915500-NEUTRAL,CEBONK_C2_WEB_V1_35ce78b4
1801929900,1801930200,TRANSITION,C2-1801929900-TRANSITION,CEBONK_C2_WEB_V1_35ce78b4
1801930200,1801933200,NEUTRAL,C2-1801930200-NEUTRAL,CEBONK_C2_WEB_V1_35ce78b4
1801954800,1801976700,SELL,C2-1801954800-SELL,CEBONK_C2_WEB_V1_35ce78b4
1801976700,1801991400,NEUTRAL,C2-1801976700-NEUTRAL,CEBONK_C2_WEB_V1_35ce78b4
1801991400,1801991700,TRANSITION,C2-1801991400-TRANSITION,CEBONK_C2_WEB_V1_35ce78b4
1801991700,1802019600,NEUTRAL,C2-1801991700-NEUTRAL,CEBONK_C2_WEB_V1_35ce78b4
1802041200,1802106000,BUY,C2-1802041200-BUY,CEBONK_C2_WEB_V1_35ce78b4
1802127600,1802192400,NEUTRAL,C2-1802127600-NEUTRAL,CEBONK_C2_WEB_V1_35ce78b4
1802214000,1802235900,SELL,C2-1802214000-SELL,CEBONK_C2_WEB_V1_35ce78b4
1802235900,1802240400,NEUTRAL,C2-1802235900-NEUTRAL,CEBONK_C2_WEB_V1_35ce78b4
1802240400,1802265600,SELL,C2-1802240400-SELL,CEBONK_C2_WEB_V1_35ce78b4
1802265600,1802266800,NEUTRAL,C2-1802265600-NEUTRAL,CEBONK_C2_WEB_V1_35ce78b4
1802266800,1802278800,SELL,C2-1802266800-SELL,CEBONK_C2_WEB_V1_35ce78b4
1802300400,1802365200,SELL,C2-1802300400-SELL,CEBONK_C2_WEB_V1_35ce78b4
1802386800,1802388900,NEUTRAL,C2-1802386800-NEUTRAL,CEBONK_C2_WEB_V1_35ce78b4
1802388900,1802444400,SELL,C2-1802388900-SELL,CEBONK_C2_WEB_V1_35ce78b4
1802444400,1802451600,NEUTRAL,C2-1802444400-NEUTRAL,CEBONK_C2_WEB_V1_35ce78b4
1802473200,1802497800,SELL,C2-1802473200-SELL,CEBONK_C2_WEB_V1_35ce78b4
1802497800,1802502300,NEUTRAL,C2-1802497800-NEUTRAL,CEBONK_C2_WEB_V1_35ce78b4
1802502300,1802502600,TRANSITION,C2-1802502300-TRANSITION,CEBONK_C2_WEB_V1_35ce78b4
1802502600,1802502900,NEUTRAL,C2-1802502600-NEUTRAL,CEBONK_C2_WEB_V1_35ce78b4
1802502900,1802538000,SELL,C2-1802502900-SELL,CEBONK_C2_WEB_V1_35ce78b4
1802559600,1802624400,SELL,C2-1802559600-SELL,CEBONK_C2_WEB_V1_35ce78b4
1802646000,1802651400,SELL,C2-1802646000-SELL,CEBONK_C2_WEB_V1_35ce78b4
1802651400,1802656800,NEUTRAL,C2-1802651400-NEUTRAL,CEBONK_C2_WEB_V1_35ce78b4
1802656800,1802657100,TRANSITION,C2-1802656800-TRANSITION,CEBONK_C2_WEB_V1_35ce78b4
1802657100,1802662200,NEUTRAL,C2-1802657100-NEUTRAL,CEBONK_C2_WEB_V1_35ce78b4
1802662200,1802687100,SELL,C2-1802662200-SELL,CEBONK_C2_WEB_V1_35ce78b4
1802687100,1802692800,NEUTRAL,C2-1802687100-NEUTRAL,CEBONK_C2_WEB_V1_35ce78b4
1802692800,1802693100,TRANSITION,C2-1802692800-TRANSITION,CEBONK_C2_WEB_V1_35ce78b4
1802693100,1802695800,NEUTRAL,C2-1802693100-NEUTRAL,CEBONK_C2_WEB_V1_35ce78b4
1802695800,1802710800,SELL,C2-1802695800-SELL,CEBONK_C2_WEB_V1_35ce78b4
1802732400,1802751300,SELL,C2-1802732400-SELL,CEBONK_C2_WEB_V1_35ce78b4
1802751300,1802751900,NEUTRAL,C2-1802751300-NEUTRAL,CEBONK_C2_WEB_V1_35ce78b4
1802751900,1802789100,SELL,C2-1802751900-SELL,CEBONK_C2_WEB_V1_35ce78b4
1802789100,1802790000,NEUTRAL,C2-1802789100-NEUTRAL,CEBONK_C2_WEB_V1_35ce78b4
1802790000,1802797200,SELL,C2-1802790000-SELL,CEBONK_C2_WEB_V1_35ce78b4
1802818800,1802883600,SELL,C2-1802818800-SELL,CEBONK_C2_WEB_V1_35ce78b4
1802905200,1802970000,SELL,C2-1802905200-SELL,CEBONK_C2_WEB_V1_35ce78b4
1802991600,1802996100,NEUTRAL,C2-1802991600-NEUTRAL,CEBONK_C2_WEB_V1_35ce78b4
1802996100,1803056400,SELL,C2-1802996100-SELL,CEBONK_C2_WEB_V1_35ce78b4
1803078000,1803099000,SELL,C2-1803078000-SELL,CEBONK_C2_WEB_V1_35ce78b4
1803099000,1803100500,NEUTRAL,C2-1803099000-NEUTRAL,CEBONK_C2_WEB_V1_35ce78b4
1803100500,1803142800,SELL,C2-1803100500-SELL,CEBONK_C2_WEB_V1_35ce78b4
1803164400,1803183900,SELL,C2-1803164400-SELL,CEBONK_C2_WEB_V1_35ce78b4
1803183900,1803229200,NEUTRAL,C2-1803183900-NEUTRAL,CEBONK_C2_WEB_V1_35ce78b4
1803250800,1803277200,NEUTRAL,C2-1803250800-NEUTRAL,CEBONK_C2_WEB_V1_35ce78b4
1803277200,1803287700,BUY,C2-1803277200-BUY,CEBONK_C2_WEB_V1_35ce78b4
1803287700,1803315600,NEUTRAL,C2-1803287700-NEUTRAL,CEBONK_C2_WEB_V1_35ce78b4
1803337200,1803343200,NEUTRAL,C2-1803337200-NEUTRAL,CEBONK_C2_WEB_V1_35ce78b4
1803343200,1803343800,BUY,C2-1803343200-BUY,CEBONK_C2_WEB_V1_35ce78b4
1803343800,1803363600,NEUTRAL,C2-1803343800-NEUTRAL,CEBONK_C2_WEB_V1_35ce78b4
1803363600,1803375000,BUY,C2-1803363600-BUY,CEBONK_C2_WEB_V1_35ce78b4
1803375000,1803402000,NEUTRAL,C2-1803375000-NEUTRAL,CEBONK_C2_WEB_V1_35ce78b4
1803423600,1803454200,NEUTRAL,C2-1803423600-NEUTRAL,CEBONK_C2_WEB_V1_35ce78b4
1803454200,1803464100,BUY,C2-1803454200-BUY,CEBONK_C2_WEB_V1_35ce78b4
1803464100,1803486300,NEUTRAL,C2-1803464100-NEUTRAL,CEBONK_C2_WEB_V1_35ce78b4
1803486300,1803487500,SELL,C2-1803486300-SELL,CEBONK_C2_WEB_V1_35ce78b4
1803487500,1803487800,TRANSITION,C2-1803487500-TRANSITION,CEBONK_C2_WEB_V1_35ce78b4
1803487800,1803488400,NEUTRAL,C2-1803487800-NEUTRAL,CEBONK_C2_WEB_V1_35ce78b4
1803510000,1803517200,BUY,C2-1803510000-BUY,CEBONK_C2_WEB_V1_35ce78b4
1803517200,1803562800,NEUTRAL,C2-1803517200-NEUTRAL,CEBONK_C2_WEB_V1_35ce78b4
1803562800,1803563100,TRANSITION,C2-1803562800-TRANSITION,CEBONK_C2_WEB_V1_35ce78b4
1803563100,1803565800,NEUTRAL,C2-1803563100-NEUTRAL,CEBONK_C2_WEB_V1_35ce78b4
1803565800,1803567600,BUY,C2-1803565800-BUY,CEBONK_C2_WEB_V1_35ce78b4
1803567600,1803567900,TRANSITION,C2-1803567600-TRANSITION,CEBONK_C2_WEB_V1_35ce78b4
1803567900,1803574800,NEUTRAL,C2-1803567900-NEUTRAL,CEBONK_C2_WEB_V1_35ce78b4
1803596400,1803650400,NEUTRAL,C2-1803596400-NEUTRAL,CEBONK_C2_WEB_V1_35ce78b4
1803650400,1803661200,SELL,C2-1803650400-SELL,CEBONK_C2_WEB_V1_35ce78b4
1803682800,1803709500,NEUTRAL,C2-1803682800-NEUTRAL,CEBONK_C2_WEB_V1_35ce78b4
1803709500,1803709800,TRANSITION,C2-1803709500-TRANSITION,CEBONK_C2_WEB_V1_35ce78b4
1803709800,1803710100,NEUTRAL,C2-1803709800-NEUTRAL,CEBONK_C2_WEB_V1_35ce78b4
1803710100,1803710700,SELL,C2-1803710100-SELL,CEBONK_C2_WEB_V1_35ce78b4
1803710700,1803711000,TRANSITION,C2-1803710700-TRANSITION,CEBONK_C2_WEB_V1_35ce78b4
1803711000,1803732300,NEUTRAL,C2-1803711000-NEUTRAL,CEBONK_C2_WEB_V1_35ce78b4
1803732300,1803738900,SELL,C2-1803732300-SELL,CEBONK_C2_WEB_V1_35ce78b4
1803738900,1803739200,TRANSITION,C2-1803738900-TRANSITION,CEBONK_C2_WEB_V1_35ce78b4
1803739200,1803747600,NEUTRAL,C2-1803739200-NEUTRAL,CEBONK_C2_WEB_V1_35ce78b4
1803769200,1803782400,NEUTRAL,C2-1803769200-NEUTRAL,CEBONK_C2_WEB_V1_35ce78b4
1803782400,1803800700,SELL,C2-1803782400-SELL,CEBONK_C2_WEB_V1_35ce78b4
1803800700,1803812100,NEUTRAL,C2-1803800700-NEUTRAL,CEBONK_C2_WEB_V1_35ce78b4
1803812100,1803821700,BUY,C2-1803812100-BUY,CEBONK_C2_WEB_V1_35ce78b4
1803821700,1803834000,NEUTRAL,C2-1803821700-NEUTRAL,CEBONK_C2_WEB_V1_35ce78b4
1803855600,1803861000,NEUTRAL,C2-1803855600-NEUTRAL,CEBONK_C2_WEB_V1_35ce78b4
1803861000,1803875100,BUY,C2-1803861000-BUY,CEBONK_C2_WEB_V1_35ce78b4
1803875100,1803876600,NEUTRAL,C2-1803875100-NEUTRAL,CEBONK_C2_WEB_V1_35ce78b4
1803876600,1803877200,BUY,C2-1803876600-BUY,CEBONK_C2_WEB_V1_35ce78b4
1803877200,1803912000,NEUTRAL,C2-1803877200-NEUTRAL,CEBONK_C2_WEB_V1_35ce78b4
1803912000,1803920400,BUY,C2-1803912000-BUY,CEBONK_C2_WEB_V1_35ce78b4
1803942000,1804006800,NEUTRAL,C2-1803942000-NEUTRAL,CEBONK_C2_WEB_V1_35ce78b4
1804028400,1804031100,BUY,C2-1804028400-BUY,CEBONK_C2_WEB_V1_35ce78b4
1804031100,1804038300,NEUTRAL,C2-1804031100-NEUTRAL,CEBONK_C2_WEB_V1_35ce78b4
1804038300,1804038600,TRANSITION,C2-1804038300-TRANSITION,CEBONK_C2_WEB_V1_35ce78b4
1804038600,1804093200,NEUTRAL,C2-1804038600-NEUTRAL,CEBONK_C2_WEB_V1_35ce78b4
1804114800,1804119000,NEUTRAL,C2-1804114800-NEUTRAL,CEBONK_C2_WEB_V1_35ce78b4
1804119000,1804128000,BUY,C2-1804119000-BUY,CEBONK_C2_WEB_V1_35ce78b4
1804128000,1804167900,NEUTRAL,C2-1804128000-NEUTRAL,CEBONK_C2_WEB_V1_35ce78b4
1804167900,1804179600,BUY,C2-1804167900-BUY,CEBONK_C2_WEB_V1_35ce78b4
1804201200,1804253700,NEUTRAL,C2-1804201200-NEUTRAL,CEBONK_C2_WEB_V1_35ce78b4
1804253700,1804261800,BUY,C2-1804253700-BUY,CEBONK_C2_WEB_V1_35ce78b4
1804261800,1804266000,NEUTRAL,C2-1804261800-NEUTRAL,CEBONK_C2_WEB_V1_35ce78b4
1804287600,1804289400,NEUTRAL,C2-1804287600-NEUTRAL,CEBONK_C2_WEB_V1_35ce78b4
1804289400,1804305000,SELL,C2-1804289400-SELL,CEBONK_C2_WEB_V1_35ce78b4
1804305000,1804334100,NEUTRAL,C2-1804305000-NEUTRAL,CEBONK_C2_WEB_V1_35ce78b4
1804334100,1804347900,SELL,C2-1804334100-SELL,CEBONK_C2_WEB_V1_35ce78b4
1804347900,1804352400,NEUTRAL,C2-1804347900-NEUTRAL,CEBONK_C2_WEB_V1_35ce78b4
1804374000,1804388400,NEUTRAL,C2-1804374000-NEUTRAL,CEBONK_C2_WEB_V1_35ce78b4
1804388400,1804390200,SELL,C2-1804388400-SELL,CEBONK_C2_WEB_V1_35ce78b4
1804390200,1804438800,NEUTRAL,C2-1804390200-NEUTRAL,CEBONK_C2_WEB_V1_35ce78b4
1804460400,1804490400,NEUTRAL,C2-1804460400-NEUTRAL,CEBONK_C2_WEB_V1_35ce78b4
1804490400,1804504500,BUY,C2-1804490400-BUY,CEBONK_C2_WEB_V1_35ce78b4
1804504500,1804525200,NEUTRAL,C2-1804504500-NEUTRAL,CEBONK_C2_WEB_V1_35ce78b4
1804546800,1804611600,NEUTRAL,C2-1804546800-NEUTRAL,CEBONK_C2_WEB_V1_35ce78b4
1804633200,1804667400,NEUTRAL,C2-1804633200-NEUTRAL,CEBONK_C2_WEB_V1_35ce78b4
1804667400,1804695000,SELL,C2-1804667400-SELL,CEBONK_C2_WEB_V1_35ce78b4
1804695000,1804698000,NEUTRAL,C2-1804695000-NEUTRAL,CEBONK_C2_WEB_V1_35ce78b4
1804719600,1804730100,SELL,C2-1804719600-SELL,CEBONK_C2_WEB_V1_35ce78b4
1804730100,1804739400,NEUTRAL,C2-1804730100-NEUTRAL,CEBONK_C2_WEB_V1_35ce78b4
1804739400,1804742100,BUY,C2-1804739400-BUY,CEBONK_C2_WEB_V1_35ce78b4
1804742100,1804742400,TRANSITION,C2-1804742100-TRANSITION,CEBONK_C2_WEB_V1_35ce78b4
1804742400,1804750500,NEUTRAL,C2-1804742400-NEUTRAL,CEBONK_C2_WEB_V1_35ce78b4
1804750500,1804783500,SELL,C2-1804750500-SELL,CEBONK_C2_WEB_V1_35ce78b4
1804783500,1804784400,NEUTRAL,C2-1804783500-NEUTRAL,CEBONK_C2_WEB_V1_35ce78b4
1804806000,1804814400,NEUTRAL,C2-1804806000-NEUTRAL,CEBONK_C2_WEB_V1_35ce78b4
1804814400,1804829700,SELL,C2-1804814400-SELL,CEBONK_C2_WEB_V1_35ce78b4
1804829700,1804866900,NEUTRAL,C2-1804829700-NEUTRAL,CEBONK_C2_WEB_V1_35ce78b4
1804866900,1804870200,SELL,C2-1804866900-SELL,CEBONK_C2_WEB_V1_35ce78b4
1804870200,1804870500,TRANSITION,C2-1804870200-TRANSITION,CEBONK_C2_WEB_V1_35ce78b4
1804870500,1804870800,NEUTRAL,C2-1804870500-NEUTRAL,CEBONK_C2_WEB_V1_35ce78b4
1804892400,1804900200,NEUTRAL,C2-1804892400-NEUTRAL,CEBONK_C2_WEB_V1_35ce78b4
1804900200,1804901100,SELL,C2-1804900200-SELL,CEBONK_C2_WEB_V1_35ce78b4
1804901100,1804901400,TRANSITION,C2-1804901100-TRANSITION,CEBONK_C2_WEB_V1_35ce78b4
1804901400,1804911300,NEUTRAL,C2-1804901400-NEUTRAL,CEBONK_C2_WEB_V1_35ce78b4
1804911300,1804929300,BUY,C2-1804911300-BUY,CEBONK_C2_WEB_V1_35ce78b4
1804929300,1804931400,NEUTRAL,C2-1804929300-NEUTRAL,CEBONK_C2_WEB_V1_35ce78b4
1804931400,1804935600,BUY,C2-1804931400-BUY,CEBONK_C2_WEB_V1_35ce78b4
1804935600,1804940400,NEUTRAL,C2-1804935600-NEUTRAL,CEBONK_C2_WEB_V1_35ce78b4
1804940400,1804940700,TRANSITION,C2-1804940400-TRANSITION,CEBONK_C2_WEB_V1_35ce78b4
1804940700,1804953600,NEUTRAL,C2-1804940700-NEUTRAL,CEBONK_C2_WEB_V1_35ce78b4
1804953600,1804957200,BUY,C2-1804953600-BUY,CEBONK_C2_WEB_V1_35ce78b4
1804978800,1805023800,BUY,C2-1804978800-BUY,CEBONK_C2_WEB_V1_35ce78b4
1805023800,1805043600,NEUTRAL,C2-1805023800-NEUTRAL,CEBONK_C2_WEB_V1_35ce78b4
1805065200,1805088000,BUY,C2-1805065200-BUY,CEBONK_C2_WEB_V1_35ce78b4
1805088000,1805088300,TRANSITION,C2-1805088000-TRANSITION,CEBONK_C2_WEB_V1_35ce78b4
1805088300,1805115600,NEUTRAL,C2-1805088300-NEUTRAL,CEBONK_C2_WEB_V1_35ce78b4
1805115600,1805115900,TRANSITION,C2-1805115600-TRANSITION,CEBONK_C2_WEB_V1_35ce78b4
1805115900,1805119200,NEUTRAL,C2-1805115900-NEUTRAL,CEBONK_C2_WEB_V1_35ce78b4
1805119200,1805130000,SELL,C2-1805119200-SELL,CEBONK_C2_WEB_V1_35ce78b4
1805151600,1805216400,SELL,C2-1805151600-SELL,CEBONK_C2_WEB_V1_35ce78b4
1805238000,1805274000,SELL,C2-1805238000-SELL,CEBONK_C2_WEB_V1_35ce78b4
1805274000,1805302800,NEUTRAL,C2-1805274000-NEUTRAL,CEBONK_C2_WEB_V1_35ce78b4
1805324400,1805327700,BUY,C2-1805324400-BUY,CEBONK_C2_WEB_V1_35ce78b4
1805327700,1805354700,NEUTRAL,C2-1805327700-NEUTRAL,CEBONK_C2_WEB_V1_35ce78b4
1805354700,1805355600,BUY,C2-1805354700-BUY,CEBONK_C2_WEB_V1_35ce78b4
1805355600,1805372400,NEUTRAL,C2-1805355600-NEUTRAL,CEBONK_C2_WEB_V1_35ce78b4
1805372400,1805389200,SELL,C2-1805372400-SELL,CEBONK_C2_WEB_V1_35ce78b4
1805410800,1805424000,SELL,C2-1805410800-SELL,CEBONK_C2_WEB_V1_35ce78b4
1805424000,1805433000,NEUTRAL,C2-1805424000-NEUTRAL,CEBONK_C2_WEB_V1_35ce78b4
1805433000,1805433300,TRANSITION,C2-1805433000-TRANSITION,CEBONK_C2_WEB_V1_35ce78b4
1805433300,1805449200,NEUTRAL,C2-1805433300-NEUTRAL,CEBONK_C2_WEB_V1_35ce78b4
1805449200,1805449500,TRANSITION,C2-1805449200-TRANSITION,CEBONK_C2_WEB_V1_35ce78b4
1805449500,1805452200,NEUTRAL,C2-1805449500-NEUTRAL,CEBONK_C2_WEB_V1_35ce78b4
1805452200,1805475600,SELL,C2-1805452200-SELL,CEBONK_C2_WEB_V1_35ce78b4
1805497200,1805562000,SELL,C2-1805497200-SELL,CEBONK_C2_WEB_V1_35ce78b4
1805583600,1805648400,NEUTRAL,C2-1805583600-NEUTRAL,CEBONK_C2_WEB_V1_35ce78b4
1805670000,1805712000,NEUTRAL,C2-1805670000-NEUTRAL,CEBONK_C2_WEB_V1_35ce78b4
1805712000,1805712900,SELL,C2-1805712000-SELL,CEBONK_C2_WEB_V1_35ce78b4
1805712900,1805713200,TRANSITION,C2-1805712900-TRANSITION,CEBONK_C2_WEB_V1_35ce78b4
1805713200,1805734800,NEUTRAL,C2-1805713200-NEUTRAL,CEBONK_C2_WEB_V1_35ce78b4
1805756400,1805790000,BUY,C2-1805756400-BUY,CEBONK_C2_WEB_V1_35ce78b4
1805790000,1805798700,NEUTRAL,C2-1805790000-NEUTRAL,CEBONK_C2_WEB_V1_35ce78b4
1805798700,1805800800,SELL,C2-1805798700-SELL,CEBONK_C2_WEB_V1_35ce78b4
1805800800,1805801100,TRANSITION,C2-1805800800-TRANSITION,CEBONK_C2_WEB_V1_35ce78b4
1805801100,1805806800,NEUTRAL,C2-1805801100-NEUTRAL,CEBONK_C2_WEB_V1_35ce78b4
1805806800,1805821200,BUY,C2-1805806800-BUY,CEBONK_C2_WEB_V1_35ce78b4
1805842800,1805907600,BUY,C2-1805842800-BUY,CEBONK_C2_WEB_V1_35ce78b4
1805929200,1805934900,NEUTRAL,C2-1805929200-NEUTRAL,CEBONK_C2_WEB_V1_35ce78b4
1805934900,1805935200,TRANSITION,C2-1805934900-TRANSITION,CEBONK_C2_WEB_V1_35ce78b4
1805935200,1805938200,NEUTRAL,C2-1805935200-NEUTRAL,CEBONK_C2_WEB_V1_35ce78b4
1805938200,1805992800,BUY,C2-1805938200-BUY,CEBONK_C2_WEB_V1_35ce78b4
1805992800,1805994000,NEUTRAL,C2-1805992800-NEUTRAL,CEBONK_C2_WEB_V1_35ce78b4
1806015600,1806030900,NEUTRAL,C2-1806015600-NEUTRAL,CEBONK_C2_WEB_V1_35ce78b4
1806030900,1806031200,TRANSITION,C2-1806030900-TRANSITION,CEBONK_C2_WEB_V1_35ce78b4
1806031200,1806040200,NEUTRAL,C2-1806031200-NEUTRAL,CEBONK_C2_WEB_V1_35ce78b4
1806040200,1806080400,BUY,C2-1806040200-BUY,CEBONK_C2_WEB_V1_35ce78b4
1806102000,1806108600,NEUTRAL,C2-1806102000-NEUTRAL,CEBONK_C2_WEB_V1_35ce78b4
1806108600,1806108900,TRANSITION,C2-1806108600-TRANSITION,CEBONK_C2_WEB_V1_35ce78b4
1806108900,1806109200,NEUTRAL,C2-1806108900-NEUTRAL,CEBONK_C2_WEB_V1_35ce78b4
1806109200,1806166800,BUY,C2-1806109200-BUY,CEBONK_C2_WEB_V1_35ce78b4
1806188400,1806253200,BUY,C2-1806188400-BUY,CEBONK_C2_WEB_V1_35ce78b4
1806274800,1806333000,BUY,C2-1806274800-BUY,CEBONK_C2_WEB_V1_35ce78b4
1806333000,1806333300,NEUTRAL,C2-1806333000-NEUTRAL,CEBONK_C2_WEB_V1_35ce78b4
1806333300,1806339600,BUY,C2-1806333300-BUY,CEBONK_C2_WEB_V1_35ce78b4
1806361200,1806368700,NEUTRAL,C2-1806361200-NEUTRAL,CEBONK_C2_WEB_V1_35ce78b4
1806368700,1806369000,TRANSITION,C2-1806368700-TRANSITION,CEBONK_C2_WEB_V1_35ce78b4
1806369000,1806377400,NEUTRAL,C2-1806369000-NEUTRAL,CEBONK_C2_WEB_V1_35ce78b4
1806377400,1806417900,BUY,C2-1806377400-BUY,CEBONK_C2_WEB_V1_35ce78b4
1806417900,1806423600,NEUTRAL,C2-1806417900-NEUTRAL,CEBONK_C2_WEB_V1_35ce78b4
1806423600,1806423900,TRANSITION,C2-1806423600-TRANSITION,CEBONK_C2_WEB_V1_35ce78b4
1806423900,1806426000,NEUTRAL,C2-1806423900-NEUTRAL,CEBONK_C2_WEB_V1_35ce78b4
1806447600,1806512400,BUY,C2-1806447600-BUY,CEBONK_C2_WEB_V1_35ce78b4
1806534000,1806598800,BUY,C2-1806534000-BUY,CEBONK_C2_WEB_V1_35ce78b4
1806620400,1806645300,BUY,C2-1806620400-BUY,CEBONK_C2_WEB_V1_35ce78b4
1806645300,1806646200,NEUTRAL,C2-1806645300-NEUTRAL,CEBONK_C2_WEB_V1_35ce78b4
1806646200,1806666900,BUY,C2-1806646200-BUY,CEBONK_C2_WEB_V1_35ce78b4
1806666900,1806673200,NEUTRAL,C2-1806666900-NEUTRAL,CEBONK_C2_WEB_V1_35ce78b4
1806673200,1806673500,TRANSITION,C2-1806673200-TRANSITION,CEBONK_C2_WEB_V1_35ce78b4
1806673500,1806675900,NEUTRAL,C2-1806673500-NEUTRAL,CEBONK_C2_WEB_V1_35ce78b4
1806675900,1806685200,BUY,C2-1806675900-BUY,CEBONK_C2_WEB_V1_35ce78b4
1806706800,1806771600,BUY,C2-1806706800-BUY,CEBONK_C2_WEB_V1_35ce78b4
1806793200,1806858000,BUY,C2-1806793200-BUY,CEBONK_C2_WEB_V1_35ce78b4
1806879600,1806944400,BUY,C2-1806879600-BUY,CEBONK_C2_WEB_V1_35ce78b4
1806966000,1807030800,BUY,C2-1806966000-BUY,CEBONK_C2_WEB_V1_35ce78b4
1807052400,1807117200,BUY,C2-1807052400-BUY,CEBONK_C2_WEB_V1_35ce78b4
1807138800,1807178700,BUY,C2-1807138800-BUY,CEBONK_C2_WEB_V1_35ce78b4
1807178700,1807184100,NEUTRAL,C2-1807178700-NEUTRAL,CEBONK_C2_WEB_V1_35ce78b4
1807184100,1807184400,TRANSITION,C2-1807184100-TRANSITION,CEBONK_C2_WEB_V1_35ce78b4
1807184400,1807188300,NEUTRAL,C2-1807184400-NEUTRAL,CEBONK_C2_WEB_V1_35ce78b4
1807188300,1807203600,BUY,C2-1807188300-BUY,CEBONK_C2_WEB_V1_35ce78b4
1807225200,1807243800,BUY,C2-1807225200-BUY,CEBONK_C2_WEB_V1_35ce78b4
1807243800,1807244400,NEUTRAL,C2-1807243800-NEUTRAL,CEBONK_C2_WEB_V1_35ce78b4
1807244400,1807245300,BUY,C2-1807244400-BUY,CEBONK_C2_WEB_V1_35ce78b4
1807245300,1807245600,TRANSITION,C2-1807245300-TRANSITION,CEBONK_C2_WEB_V1_35ce78b4
1807245600,1807247100,NEUTRAL,C2-1807245600-NEUTRAL,CEBONK_C2_WEB_V1_35ce78b4
1807247100,1807247400,TRANSITION,C2-1807247100-TRANSITION,CEBONK_C2_WEB_V1_35ce78b4
1807247400,1807257300,NEUTRAL,C2-1807247400-NEUTRAL,CEBONK_C2_WEB_V1_35ce78b4
1807257300,1807263000,BUY,C2-1807257300-BUY,CEBONK_C2_WEB_V1_35ce78b4
1807263000,1807273800,NEUTRAL,C2-1807263000-NEUTRAL,CEBONK_C2_WEB_V1_35ce78b4
1807273800,1807274100,TRANSITION,C2-1807273800-TRANSITION,CEBONK_C2_WEB_V1_35ce78b4
1807274100,1807281900,NEUTRAL,C2-1807274100-NEUTRAL,CEBONK_C2_WEB_V1_35ce78b4
1807281900,1807290000,BUY,C2-1807281900-BUY,CEBONK_C2_WEB_V1_35ce78b4
1807311600,1807376400,BUY,C2-1807311600-BUY,CEBONK_C2_WEB_V1_35ce78b4
1807398000,1807462800,BUY,C2-1807398000-BUY,CEBONK_C2_WEB_V1_35ce78b4
1807484400,1807540800,BUY,C2-1807484400-BUY,CEBONK_C2_WEB_V1_35ce78b4
1807540800,1807541400,NEUTRAL,C2-1807540800-NEUTRAL,CEBONK_C2_WEB_V1_35ce78b4
1807541400,1807549200,BUY,C2-1807541400-BUY,CEBONK_C2_WEB_V1_35ce78b4
1807570800,1807615200,BUY,C2-1807570800-BUY,CEBONK_C2_WEB_V1_35ce78b4
1807615200,1807624500,NEUTRAL,C2-1807615200-NEUTRAL,CEBONK_C2_WEB_V1_35ce78b4
1807624500,1807624800,TRANSITION,C2-1807624500-TRANSITION,CEBONK_C2_WEB_V1_35ce78b4
1807624800,1807635000,NEUTRAL,C2-1807624800-NEUTRAL,CEBONK_C2_WEB_V1_35ce78b4
1807635000,1807635600,BUY,C2-1807635000-BUY,CEBONK_C2_WEB_V1_35ce78b4
1807657200,1807657500,NEUTRAL,C2-1807657200-NEUTRAL,CEBONK_C2_WEB_V1_35ce78b4
1807657500,1807657800,TRANSITION,C2-1807657500-TRANSITION,CEBONK_C2_WEB_V1_35ce78b4
1807657800,1807709100,NEUTRAL,C2-1807657800-NEUTRAL,CEBONK_C2_WEB_V1_35ce78b4
1807709100,1807722000,BUY,C2-1807709100-BUY,CEBONK_C2_WEB_V1_35ce78b4
1807743600,1807753200,NEUTRAL,C2-1807743600-NEUTRAL,CEBONK_C2_WEB_V1_35ce78b4
1807753200,1807768800,BUY,C2-1807753200-BUY,CEBONK_C2_WEB_V1_35ce78b4
1807768800,1807789200,NEUTRAL,C2-1807768800-NEUTRAL,CEBONK_C2_WEB_V1_35ce78b4
1807789200,1807808400,BUY,C2-1807789200-BUY,CEBONK_C2_WEB_V1_35ce78b4
1807830000,1807845300,NEUTRAL,C2-1807830000-NEUTRAL,CEBONK_C2_WEB_V1_35ce78b4
1807845300,1807863600,BUY,C2-1807845300-BUY,CEBONK_C2_WEB_V1_35ce78b4
1807863600,1807894800,NEUTRAL,C2-1807863600-NEUTRAL,CEBONK_C2_WEB_V1_35ce78b4
1807916400,1807981200,NEUTRAL,C2-1807916400-NEUTRAL,CEBONK_C2_WEB_V1_35ce78b4
1808002800,1808042100,BUY,C2-1808002800-BUY,CEBONK_C2_WEB_V1_35ce78b4
1808042100,1808042700,NEUTRAL,C2-1808042100-NEUTRAL,CEBONK_C2_WEB_V1_35ce78b4
1808042700,1808043300,BUY,C2-1808042700-BUY,CEBONK_C2_WEB_V1_35ce78b4
1808043300,1808048100,NEUTRAL,C2-1808043300-NEUTRAL,CEBONK_C2_WEB_V1_35ce78b4
1808048100,1808048400,TRANSITION,C2-1808048100-TRANSITION,CEBONK_C2_WEB_V1_35ce78b4
1808048400,1808052600,NEUTRAL,C2-1808048400-NEUTRAL,CEBONK_C2_WEB_V1_35ce78b4
1808052600,1808053500,SELL,C2-1808052600-SELL,CEBONK_C2_WEB_V1_35ce78b4
1808053500,1808053800,TRANSITION,C2-1808053500-TRANSITION,CEBONK_C2_WEB_V1_35ce78b4
1808053800,1808067600,NEUTRAL,C2-1808053800-NEUTRAL,CEBONK_C2_WEB_V1_35ce78b4
1808089200,1808097000,NEUTRAL,C2-1808089200-NEUTRAL,CEBONK_C2_WEB_V1_35ce78b4
1808097000,1808097300,SELL,C2-1808097000-SELL,CEBONK_C2_WEB_V1_35ce78b4
1808097300,1808106600,NEUTRAL,C2-1808097300-NEUTRAL,CEBONK_C2_WEB_V1_35ce78b4
1808106600,1808112900,BUY,C2-1808106600-BUY,CEBONK_C2_WEB_V1_35ce78b4
1808112900,1808154000,NEUTRAL,C2-1808112900-NEUTRAL,CEBONK_C2_WEB_V1_35ce78b4
1808175600,1808179500,NEUTRAL,C2-1808175600-NEUTRAL,CEBONK_C2_WEB_V1_35ce78b4
1808179500,1808199600,SELL,C2-1808179500-SELL,CEBONK_C2_WEB_V1_35ce78b4
1808199600,1808208600,NEUTRAL,C2-1808199600-NEUTRAL,CEBONK_C2_WEB_V1_35ce78b4
1808208600,1808211900,BUY,C2-1808208600-BUY,CEBONK_C2_WEB_V1_35ce78b4
1808211900,1808240400,NEUTRAL,C2-1808211900-NEUTRAL,CEBONK_C2_WEB_V1_35ce78b4
1808262000,1808262300,SELL,C2-1808262000-SELL,CEBONK_C2_WEB_V1_35ce78b4
1808262300,1808280900,NEUTRAL,C2-1808262300-NEUTRAL,CEBONK_C2_WEB_V1_35ce78b4
1808280900,1808290500,BUY,C2-1808280900-BUY,CEBONK_C2_WEB_V1_35ce78b4
1808290500,1808302800,NEUTRAL,C2-1808290500-NEUTRAL,CEBONK_C2_WEB_V1_35ce78b4
1808302800,1808303100,TRANSITION,C2-1808302800-TRANSITION,CEBONK_C2_WEB_V1_35ce78b4
1808303100,1808311500,NEUTRAL,C2-1808303100-NEUTRAL,CEBONK_C2_WEB_V1_35ce78b4
1808311500,1808326800,BUY,C2-1808311500-BUY,CEBONK_C2_WEB_V1_35ce78b4
1808348400,1808367300,NEUTRAL,C2-1808348400-NEUTRAL,CEBONK_C2_WEB_V1_35ce78b4
1808367300,1808368800,SELL,C2-1808367300-SELL,CEBONK_C2_WEB_V1_35ce78b4
1808368800,1808369100,TRANSITION,C2-1808368800-TRANSITION,CEBONK_C2_WEB_V1_35ce78b4
1808369100,1808409900,NEUTRAL,C2-1808369100-NEUTRAL,CEBONK_C2_WEB_V1_35ce78b4
1808409900,1808410800,SELL,C2-1808409900-SELL,CEBONK_C2_WEB_V1_35ce78b4
1808410800,1808411100,TRANSITION,C2-1808410800-TRANSITION,CEBONK_C2_WEB_V1_35ce78b4
1808411100,1808413200,NEUTRAL,C2-1808411100-NEUTRAL,CEBONK_C2_WEB_V1_35ce78b4
1808434800,1808499600,BUY,C2-1808434800-BUY,CEBONK_C2_WEB_V1_35ce78b4
1808521200,1808528100,BUY,C2-1808521200-BUY,CEBONK_C2_WEB_V1_35ce78b4
1808528100,1808560200,NEUTRAL,C2-1808528100-NEUTRAL,CEBONK_C2_WEB_V1_35ce78b4
1808560200,1808586000,BUY,C2-1808560200-BUY,CEBONK_C2_WEB_V1_35ce78b4
1808607600,1808608500,NEUTRAL,C2-1808607600-NEUTRAL,CEBONK_C2_WEB_V1_35ce78b4
1808608500,1808672400,BUY,C2-1808608500-BUY,CEBONK_C2_WEB_V1_35ce78b4
1808694000,1808707800,BUY,C2-1808694000-BUY,CEBONK_C2_WEB_V1_35ce78b4
1808707800,1808717400,NEUTRAL,C2-1808707800-NEUTRAL,CEBONK_C2_WEB_V1_35ce78b4
1808717400,1808718300,SELL,C2-1808717400-SELL,CEBONK_C2_WEB_V1_35ce78b4
1808718300,1808718600,TRANSITION,C2-1808718300-TRANSITION,CEBONK_C2_WEB_V1_35ce78b4
1808718600,1808758800,NEUTRAL,C2-1808718600-NEUTRAL,CEBONK_C2_WEB_V1_35ce78b4
1808780400,1808796300,NEUTRAL,C2-1808780400-NEUTRAL,CEBONK_C2_WEB_V1_35ce78b4
1808796300,1808845200,SELL,C2-1808796300-SELL,CEBONK_C2_WEB_V1_35ce78b4
1808866800,1808901000,SELL,C2-1808866800-SELL,CEBONK_C2_WEB_V1_35ce78b4
1808901000,1808930400,NEUTRAL,C2-1808901000-NEUTRAL,CEBONK_C2_WEB_V1_35ce78b4
1808930400,1808931600,SELL,C2-1808930400-SELL,CEBONK_C2_WEB_V1_35ce78b4
1808953200,1808958300,NEUTRAL,C2-1808953200-NEUTRAL,CEBONK_C2_WEB_V1_35ce78b4
1808958300,1808967300,BUY,C2-1808958300-BUY,CEBONK_C2_WEB_V1_35ce78b4
1808967300,1809003600,NEUTRAL,C2-1808967300-NEUTRAL,CEBONK_C2_WEB_V1_35ce78b4
1809003600,1809013500,SELL,C2-1809003600-SELL,CEBONK_C2_WEB_V1_35ce78b4
1809013500,1809018000,NEUTRAL,C2-1809013500-NEUTRAL,CEBONK_C2_WEB_V1_35ce78b4
1809039600,1809040500,BUY,C2-1809039600-BUY,CEBONK_C2_WEB_V1_35ce78b4
1809040500,1809060900,NEUTRAL,C2-1809040500-NEUTRAL,CEBONK_C2_WEB_V1_35ce78b4
1809060900,1809071100,SELL,C2-1809060900-SELL,CEBONK_C2_WEB_V1_35ce78b4
1809071100,1809104400,NEUTRAL,C2-1809071100-NEUTRAL,CEBONK_C2_WEB_V1_35ce78b4
1809126000,1809130200,NEUTRAL,C2-1809126000-NEUTRAL,CEBONK_C2_WEB_V1_35ce78b4
1809130200,1809131100,SELL,C2-1809130200-SELL,CEBONK_C2_WEB_V1_35ce78b4
1809131100,1809170700,NEUTRAL,C2-1809131100-NEUTRAL,CEBONK_C2_WEB_V1_35ce78b4
1809170700,1809183600,BUY,C2-1809170700-BUY,CEBONK_C2_WEB_V1_35ce78b4
1809183600,1809190800,NEUTRAL,C2-1809183600-NEUTRAL,CEBONK_C2_WEB_V1_35ce78b4
1809212400,1809277200,NEUTRAL,C2-1809212400-NEUTRAL,CEBONK_C2_WEB_V1_35ce78b4
1809298800,1809316200,NEUTRAL,C2-1809298800-NEUTRAL,CEBONK_C2_WEB_V1_35ce78b4
1809316200,1809321000,SELL,C2-1809316200-SELL,CEBONK_C2_WEB_V1_35ce78b4
1809321000,1809337800,NEUTRAL,C2-1809321000-NEUTRAL,CEBONK_C2_WEB_V1_35ce78b4
1809337800,1809338400,BUY,C2-1809337800-BUY,CEBONK_C2_WEB_V1_35ce78b4
1809338400,1809350400,NEUTRAL,C2-1809338400-NEUTRAL,CEBONK_C2_WEB_V1_35ce78b4
1809350400,1809363600,BUY,C2-1809350400-BUY,CEBONK_C2_WEB_V1_35ce78b4
1809385200,1809450000,BUY,C2-1809385200-BUY,CEBONK_C2_WEB_V1_35ce78b4
1809471600,1809536400,BUY,C2-1809471600-BUY,CEBONK_C2_WEB_V1_35ce78b4
1809558000,1809591300,NEUTRAL,C2-1809558000-NEUTRAL,CEBONK_C2_WEB_V1_35ce78b4
1809591300,1809604200,BUY,C2-1809591300-BUY,CEBONK_C2_WEB_V1_35ce78b4
1809604200,1809611700,NEUTRAL,C2-1809604200-NEUTRAL,CEBONK_C2_WEB_V1_35ce78b4
1809611700,1809618300,SELL,C2-1809611700-SELL,CEBONK_C2_WEB_V1_35ce78b4
1809618300,1809622800,NEUTRAL,C2-1809618300-NEUTRAL,CEBONK_C2_WEB_V1_35ce78b4
1809644400,1809663900,NEUTRAL,C2-1809644400-NEUTRAL,CEBONK_C2_WEB_V1_35ce78b4
1809663900,1809709200,SELL,C2-1809663900-SELL,CEBONK_C2_WEB_V1_35ce78b4
1809730800,1809732900,NEUTRAL,C2-1809730800-NEUTRAL,CEBONK_C2_WEB_V1_35ce78b4
1809732900,1809793500,SELL,C2-1809732900-SELL,CEBONK_C2_WEB_V1_35ce78b4
1809793500,1809795600,NEUTRAL,C2-1809793500-NEUTRAL,CEBONK_C2_WEB_V1_35ce78b4
1809817200,1809817500,NEUTRAL,C2-1809817200-NEUTRAL,CEBONK_C2_WEB_V1_35ce78b4
1809817500,1809817800,TRANSITION,C2-1809817500-TRANSITION,CEBONK_C2_WEB_V1_35ce78b4
1809817800,1809825900,NEUTRAL,C2-1809817800-NEUTRAL,CEBONK_C2_WEB_V1_35ce78b4
1809825900,1809826200,TRANSITION,C2-1809825900-TRANSITION,CEBONK_C2_WEB_V1_35ce78b4
1809826200,1809834300,NEUTRAL,C2-1809826200-NEUTRAL,CEBONK_C2_WEB_V1_35ce78b4
1809834300,1809846600,SELL,C2-1809834300-SELL,CEBONK_C2_WEB_V1_35ce78b4
1809846600,1809857100,NEUTRAL,C2-1809846600-NEUTRAL,CEBONK_C2_WEB_V1_35ce78b4
1809857100,1809857400,TRANSITION,C2-1809857100-TRANSITION,CEBONK_C2_WEB_V1_35ce78b4
1809857400,1809882000,NEUTRAL,C2-1809857400-NEUTRAL,CEBONK_C2_WEB_V1_35ce78b4
1809903600,1809906600,SELL,C2-1809903600-SELL,CEBONK_C2_WEB_V1_35ce78b4
1809906600,1809968400,NEUTRAL,C2-1809906600-NEUTRAL,CEBONK_C2_WEB_V1_35ce78b4
1809990000,1809996000,NEUTRAL,C2-1809990000-NEUTRAL,CEBONK_C2_WEB_V1_35ce78b4
1809996000,1810000200,SELL,C2-1809996000-SELL,CEBONK_C2_WEB_V1_35ce78b4
1810000200,1810019700,NEUTRAL,C2-1810000200-NEUTRAL,CEBONK_C2_WEB_V1_35ce78b4
1810019700,1810022100,SELL,C2-1810019700-SELL,CEBONK_C2_WEB_V1_35ce78b4
1810022100,1810022400,TRANSITION,C2-1810022100-TRANSITION,CEBONK_C2_WEB_V1_35ce78b4
1810022400,1810054800,NEUTRAL,C2-1810022400-NEUTRAL,CEBONK_C2_WEB_V1_35ce78b4
1810076400,1810086900,BUY,C2-1810076400-BUY,CEBONK_C2_WEB_V1_35ce78b4
1810086900,1810091700,NEUTRAL,C2-1810086900-NEUTRAL,CEBONK_C2_WEB_V1_35ce78b4
1810091700,1810092000,TRANSITION,C2-1810091700-TRANSITION,CEBONK_C2_WEB_V1_35ce78b4
1810092000,1810101600,NEUTRAL,C2-1810092000-NEUTRAL,CEBONK_C2_WEB_V1_35ce78b4
1810101600,1810141200,BUY,C2-1810101600-BUY,CEBONK_C2_WEB_V1_35ce78b4
1810162800,1810183500,BUY,C2-1810162800-BUY,CEBONK_C2_WEB_V1_35ce78b4
1810183500,1810184100,NEUTRAL,C2-1810183500-NEUTRAL,CEBONK_C2_WEB_V1_35ce78b4
1810184100,1810227600,BUY,C2-1810184100-BUY,CEBONK_C2_WEB_V1_35ce78b4
1810249200,1810258200,BUY,C2-1810249200-BUY,CEBONK_C2_WEB_V1_35ce78b4
1810258200,1810264800,NEUTRAL,C2-1810258200-NEUTRAL,CEBONK_C2_WEB_V1_35ce78b4
1810264800,1810296000,BUY,C2-1810264800-BUY,CEBONK_C2_WEB_V1_35ce78b4
1810296000,1810296600,NEUTRAL,C2-1810296000-NEUTRAL,CEBONK_C2_WEB_V1_35ce78b4
1810296600,1810314000,BUY,C2-1810296600-BUY,CEBONK_C2_WEB_V1_35ce78b4
1810335600,1810400400,BUY,C2-1810335600-BUY,CEBONK_C2_WEB_V1_35ce78b4
1810422000,1810486800,BUY,C2-1810422000-BUY,CEBONK_C2_WEB_V1_35ce78b4
1810508400,1810526400,BUY,C2-1810508400-BUY,CEBONK_C2_WEB_V1_35ce78b4
1810526400,1810531200,NEUTRAL,C2-1810526400-NEUTRAL,CEBONK_C2_WEB_V1_35ce78b4
1810531200,1810550100,BUY,C2-1810531200-BUY,CEBONK_C2_WEB_V1_35ce78b4
1810550100,1810560600,NEUTRAL,C2-1810550100-NEUTRAL,CEBONK_C2_WEB_V1_35ce78b4
1810560600,1810569000,SELL,C2-1810560600-SELL,CEBONK_C2_WEB_V1_35ce78b4
1810569000,1810573200,NEUTRAL,C2-1810569000-NEUTRAL,CEBONK_C2_WEB_V1_35ce78b4
1810594800,1810614300,NEUTRAL,C2-1810594800-NEUTRAL,CEBONK_C2_WEB_V1_35ce78b4
1810614300,1810630500,BUY,C2-1810614300-BUY,CEBONK_C2_WEB_V1_35ce78b4
1810630500,1810640700,NEUTRAL,C2-1810630500-NEUTRAL,CEBONK_C2_WEB_V1_35ce78b4
1810640700,1810644900,SELL,C2-1810640700-SELL,CEBONK_C2_WEB_V1_35ce78b4
1810644900,1810659600,NEUTRAL,C2-1810644900-NEUTRAL,CEBONK_C2_WEB_V1_35ce78b4
1810681200,1810729500,BUY,C2-1810681200-BUY,CEBONK_C2_WEB_V1_35ce78b4
1810729500,1810740900,NEUTRAL,C2-1810729500-NEUTRAL,CEBONK_C2_WEB_V1_35ce78b4
1810740900,1810741800,SELL,C2-1810740900-SELL,CEBONK_C2_WEB_V1_35ce78b4
1810741800,1810742100,TRANSITION,C2-1810741800-TRANSITION,CEBONK_C2_WEB_V1_35ce78b4
1810742100,1810746000,NEUTRAL,C2-1810742100-NEUTRAL,CEBONK_C2_WEB_V1_35ce78b4
1810767600,1810801500,NEUTRAL,C2-1810767600-NEUTRAL,CEBONK_C2_WEB_V1_35ce78b4
1810801500,1810832400,SELL,C2-1810801500-SELL,CEBONK_C2_WEB_V1_35ce78b4
1810854000,1810863300,NEUTRAL,C2-1810854000-NEUTRAL,CEBONK_C2_WEB_V1_35ce78b4
1810863300,1810865700,BUY,C2-1810863300-BUY,CEBONK_C2_WEB_V1_35ce78b4
1810865700,1810918800,NEUTRAL,C2-1810865700-NEUTRAL,CEBONK_C2_WEB_V1_35ce78b4
1810940400,1811005200,BUY,C2-1810940400-BUY,CEBONK_C2_WEB_V1_35ce78b4
1811026800,1811060400,BUY,C2-1811026800-BUY,CEBONK_C2_WEB_V1_35ce78b4
1811060400,1811091600,NEUTRAL,C2-1811060400-NEUTRAL,CEBONK_C2_WEB_V1_35ce78b4
1811113200,1811178000,NEUTRAL,C2-1811113200-NEUTRAL,CEBONK_C2_WEB_V1_35ce78b4
1811199600,1811206800,SELL,C2-1811199600-SELL,CEBONK_C2_WEB_V1_35ce78b4
1811206800,1811250600,NEUTRAL,C2-1811206800-NEUTRAL,CEBONK_C2_WEB_V1_35ce78b4
1811250600,1811259900,SELL,C2-1811250600-SELL,CEBONK_C2_WEB_V1_35ce78b4
1811259900,1811264400,NEUTRAL,C2-1811259900-NEUTRAL,CEBONK_C2_WEB_V1_35ce78b4
1811286000,1811295000,NEUTRAL,C2-1811286000-NEUTRAL,CEBONK_C2_WEB_V1_35ce78b4
1811295000,1811295600,SELL,C2-1811295000-SELL,CEBONK_C2_WEB_V1_35ce78b4
1811295600,1811295900,NEUTRAL,C2-1811295600-NEUTRAL,CEBONK_C2_WEB_V1_35ce78b4
1811295900,1811296500,SELL,C2-1811295900-SELL,CEBONK_C2_WEB_V1_35ce78b4
1811296500,1811296800,TRANSITION,C2-1811296500-TRANSITION,CEBONK_C2_WEB_V1_35ce78b4
1811296800,1811340600,NEUTRAL,C2-1811296800-NEUTRAL,CEBONK_C2_WEB_V1_35ce78b4
1811340600,1811350800,SELL,C2-1811340600-SELL,CEBONK_C2_WEB_V1_35ce78b4
1811372400,1811384400,NEUTRAL,C2-1811372400-NEUTRAL,CEBONK_C2_WEB_V1_35ce78b4
1811384400,1811388600,SELL,C2-1811384400-SELL,CEBONK_C2_WEB_V1_35ce78b4
1811388600,1811388900,TRANSITION,C2-1811388600-TRANSITION,CEBONK_C2_WEB_V1_35ce78b4
1811388900,1811401200,NEUTRAL,C2-1811388900-NEUTRAL,CEBONK_C2_WEB_V1_35ce78b4
1811401200,1811437200,BUY,C2-1811401200-BUY,CEBONK_C2_WEB_V1_35ce78b4
1811458800,1811492700,BUY,C2-1811458800-BUY,CEBONK_C2_WEB_V1_35ce78b4
1811492700,1811500200,NEUTRAL,C2-1811492700-NEUTRAL,CEBONK_C2_WEB_V1_35ce78b4
1811500200,1811509500,SELL,C2-1811500200-SELL,CEBONK_C2_WEB_V1_35ce78b4
1811509500,1811513400,NEUTRAL,C2-1811509500-NEUTRAL,CEBONK_C2_WEB_V1_35ce78b4
1811513400,1811513700,TRANSITION,C2-1811513400-TRANSITION,CEBONK_C2_WEB_V1_35ce78b4
1811513700,1811516700,NEUTRAL,C2-1811513700-NEUTRAL,CEBONK_C2_WEB_V1_35ce78b4
1811516700,1811523600,BUY,C2-1811516700-BUY,CEBONK_C2_WEB_V1_35ce78b4
1811545200,1811610000,BUY,C2-1811545200-BUY,CEBONK_C2_WEB_V1_35ce78b4
1811631600,1811683200,NEUTRAL,C2-1811631600-NEUTRAL,CEBONK_C2_WEB_V1_35ce78b4
1811683200,1811685300,SELL,C2-1811683200-SELL,CEBONK_C2_WEB_V1_35ce78b4
1811685300,1811696400,NEUTRAL,C2-1811685300-NEUTRAL,CEBONK_C2_WEB_V1_35ce78b4
1811718000,1811721900,BUY,C2-1811718000-BUY,CEBONK_C2_WEB_V1_35ce78b4
1811721900,1811722200,TRANSITION,C2-1811721900-TRANSITION,CEBONK_C2_WEB_V1_35ce78b4
1811722200,1811737800,NEUTRAL,C2-1811722200-NEUTRAL,CEBONK_C2_WEB_V1_35ce78b4
1811737800,1811738700,BUY,C2-1811737800-BUY,CEBONK_C2_WEB_V1_35ce78b4
1811738700,1811739000,TRANSITION,C2-1811738700-TRANSITION,CEBONK_C2_WEB_V1_35ce78b4
1811739000,1811766000,NEUTRAL,C2-1811739000-NEUTRAL,CEBONK_C2_WEB_V1_35ce78b4
1811766000,1811779800,SELL,C2-1811766000-SELL,CEBONK_C2_WEB_V1_35ce78b4
1811779800,1811780100,TRANSITION,C2-1811779800-TRANSITION,CEBONK_C2_WEB_V1_35ce78b4
1811780100,1811782800,NEUTRAL,C2-1811780100-NEUTRAL,CEBONK_C2_WEB_V1_35ce78b4
1811804400,1811814900,BUY,C2-1811804400-BUY,CEBONK_C2_WEB_V1_35ce78b4
1811814900,1811869200,NEUTRAL,C2-1811814900-NEUTRAL,CEBONK_C2_WEB_V1_35ce78b4
1811890800,1811904600,BUY,C2-1811890800-BUY,CEBONK_C2_WEB_V1_35ce78b4
1811904600,1811916000,NEUTRAL,C2-1811904600-NEUTRAL,CEBONK_C2_WEB_V1_35ce78b4
1811916000,1811955600,BUY,C2-1811916000-BUY,CEBONK_C2_WEB_V1_35ce78b4
1811977200,1811991900,BUY,C2-1811977200-BUY,CEBONK_C2_WEB_V1_35ce78b4
1811991900,1812000000,NEUTRAL,C2-1811991900-NEUTRAL,CEBONK_C2_WEB_V1_35ce78b4
1812000000,1812000300,TRANSITION,C2-1812000000-TRANSITION,CEBONK_C2_WEB_V1_35ce78b4
1812000300,1812005100,NEUTRAL,C2-1812000300-NEUTRAL,CEBONK_C2_WEB_V1_35ce78b4
1812005100,1812042000,BUY,C2-1812005100-BUY,CEBONK_C2_WEB_V1_35ce78b4
1812063600,1812104100,BUY,C2-1812063600-BUY,CEBONK_C2_WEB_V1_35ce78b4
1812104100,1812107700,NEUTRAL,C2-1812104100-NEUTRAL,CEBONK_C2_WEB_V1_35ce78b4
1812107700,1812108000,TRANSITION,C2-1812107700-TRANSITION,CEBONK_C2_WEB_V1_35ce78b4
1812108000,1812113700,NEUTRAL,C2-1812108000-NEUTRAL,CEBONK_C2_WEB_V1_35ce78b4
1812113700,1812128400,BUY,C2-1812113700-BUY,CEBONK_C2_WEB_V1_35ce78b4
1812150000,1812214800,BUY,C2-1812150000-BUY,CEBONK_C2_WEB_V1_35ce78b4
1812236400,1812267900,BUY,C2-1812236400-BUY,CEBONK_C2_WEB_V1_35ce78b4
1812267900,1812269100,NEUTRAL,C2-1812267900-NEUTRAL,CEBONK_C2_WEB_V1_35ce78b4
1812269100,1812301200,BUY,C2-1812269100-BUY,CEBONK_C2_WEB_V1_35ce78b4
1812322800,1812367500,BUY,C2-1812322800-BUY,CEBONK_C2_WEB_V1_35ce78b4
1812367500,1812375600,NEUTRAL,C2-1812367500-NEUTRAL,CEBONK_C2_WEB_V1_35ce78b4
1812375600,1812375900,TRANSITION,C2-1812375600-TRANSITION,CEBONK_C2_WEB_V1_35ce78b4
1812375900,1812382500,NEUTRAL,C2-1812375900-NEUTRAL,CEBONK_C2_WEB_V1_35ce78b4
1812382500,1812387600,BUY,C2-1812382500-BUY,CEBONK_C2_WEB_V1_35ce78b4
1812409200,1812446400,BUY,C2-1812409200-BUY,CEBONK_C2_WEB_V1_35ce78b4
1812446400,1812447900,NEUTRAL,C2-1812446400-NEUTRAL,CEBONK_C2_WEB_V1_35ce78b4
1812447900,1812448200,TRANSITION,C2-1812447900-TRANSITION,CEBONK_C2_WEB_V1_35ce78b4
1812448200,1812456900,NEUTRAL,C2-1812448200-NEUTRAL,CEBONK_C2_WEB_V1_35ce78b4
1812456900,1812474000,BUY,C2-1812456900-BUY,CEBONK_C2_WEB_V1_35ce78b4
1812495600,1812560400,BUY,C2-1812495600-BUY,CEBONK_C2_WEB_V1_35ce78b4
1812582000,1812588300,BUY,C2-1812582000-BUY,CEBONK_C2_WEB_V1_35ce78b4
1812588300,1812598200,NEUTRAL,C2-1812588300-NEUTRAL,CEBONK_C2_WEB_V1_35ce78b4
1812598200,1812598500,TRANSITION,C2-1812598200-TRANSITION,CEBONK_C2_WEB_V1_35ce78b4
1812598500,1812606300,NEUTRAL,C2-1812598500-NEUTRAL,CEBONK_C2_WEB_V1_35ce78b4
1812606300,1812625800,BUY,C2-1812606300-BUY,CEBONK_C2_WEB_V1_35ce78b4
1812625800,1812626400,NEUTRAL,C2-1812625800-NEUTRAL,CEBONK_C2_WEB_V1_35ce78b4
1812626400,1812646800,BUY,C2-1812626400-BUY,CEBONK_C2_WEB_V1_35ce78b4
1812668400,1812704100,BUY,C2-1812668400-BUY,CEBONK_C2_WEB_V1_35ce78b4
1812704100,1812711900,NEUTRAL,C2-1812704100-NEUTRAL,CEBONK_C2_WEB_V1_35ce78b4
1812711900,1812712200,TRANSITION,C2-1812711900-TRANSITION,CEBONK_C2_WEB_V1_35ce78b4
1812712200,1812716400,NEUTRAL,C2-1812712200-NEUTRAL,CEBONK_C2_WEB_V1_35ce78b4
1812716400,1812733200,BUY,C2-1812716400-BUY,CEBONK_C2_WEB_V1_35ce78b4
1812754800,1812819600,BUY,C2-1812754800-BUY,CEBONK_C2_WEB_V1_35ce78b4
1812841200,1812906000,BUY,C2-1812841200-BUY,CEBONK_C2_WEB_V1_35ce78b4
1812927600,1812992400,BUY,C2-1812927600-BUY,CEBONK_C2_WEB_V1_35ce78b4
1813014000,1813078800,BUY,C2-1813014000-BUY,CEBONK_C2_WEB_V1_35ce78b4
1813100400,1813120800,BUY,C2-1813100400-BUY,CEBONK_C2_WEB_V1_35ce78b4
1813120800,1813121700,NEUTRAL,C2-1813120800-NEUTRAL,CEBONK_C2_WEB_V1_35ce78b4
1813121700,1813165200,BUY,C2-1813121700-BUY,CEBONK_C2_WEB_V1_35ce78b4
1813186800,1813248300,BUY,C2-1813186800-BUY,CEBONK_C2_WEB_V1_35ce78b4
1813248300,1813250400,NEUTRAL,C2-1813248300-NEUTRAL,CEBONK_C2_WEB_V1_35ce78b4
1813250400,1813251600,BUY,C2-1813250400-BUY,CEBONK_C2_WEB_V1_35ce78b4
1813273200,1813278300,BUY,C2-1813273200-BUY,CEBONK_C2_WEB_V1_35ce78b4
1813278300,1813279500,NEUTRAL,C2-1813278300-NEUTRAL,CEBONK_C2_WEB_V1_35ce78b4
1813279500,1813338000,BUY,C2-1813279500-BUY,CEBONK_C2_WEB_V1_35ce78b4
1813359600,1813361100,BUY,C2-1813359600-BUY,CEBONK_C2_WEB_V1_35ce78b4
1813361100,1813366500,NEUTRAL,C2-1813361100-NEUTRAL,CEBONK_C2_WEB_V1_35ce78b4
1813366500,1813366800,TRANSITION,C2-1813366500-TRANSITION,CEBONK_C2_WEB_V1_35ce78b4
1813366800,1813374300,NEUTRAL,C2-1813366800-NEUTRAL,CEBONK_C2_WEB_V1_35ce78b4
1813374300,1813407000,BUY,C2-1813374300-BUY,CEBONK_C2_WEB_V1_35ce78b4
1813407000,1813412100,NEUTRAL,C2-1813407000-NEUTRAL,CEBONK_C2_WEB_V1_35ce78b4
1813412100,1813424400,BUY,C2-1813412100-BUY,CEBONK_C2_WEB_V1_35ce78b4
1813446000,1813510800,BUY,C2-1813446000-BUY,CEBONK_C2_WEB_V1_35ce78b4
1813532400,1813558800,BUY,C2-1813532400-BUY,CEBONK_C2_WEB_V1_35ce78b4
1813558800,1813570200,NEUTRAL,C2-1813558800-NEUTRAL,CEBONK_C2_WEB_V1_35ce78b4
1813570200,1813571100,SELL,C2-1813570200-SELL,CEBONK_C2_WEB_V1_35ce78b4
1813571100,1813571400,TRANSITION,C2-1813571100-TRANSITION,CEBONK_C2_WEB_V1_35ce78b4
1813571400,1813584000,NEUTRAL,C2-1813571400-NEUTRAL,CEBONK_C2_WEB_V1_35ce78b4
1813584000,1813597200,BUY,C2-1813584000-BUY,CEBONK_C2_WEB_V1_35ce78b4
1813618800,1813638900,NEUTRAL,C2-1813618800-NEUTRAL,CEBONK_C2_WEB_V1_35ce78b4
1813638900,1813667400,BUY,C2-1813638900-BUY,CEBONK_C2_WEB_V1_35ce78b4
1813667400,1813683600,NEUTRAL,C2-1813667400-NEUTRAL,CEBONK_C2_WEB_V1_35ce78b4
1813705200,1813717800,NEUTRAL,C2-1813705200-NEUTRAL,CEBONK_C2_WEB_V1_35ce78b4
1813717800,1813760100,BUY,C2-1813717800-BUY,CEBONK_C2_WEB_V1_35ce78b4
1813760100,1813770000,NEUTRAL,C2-1813760100-NEUTRAL,CEBONK_C2_WEB_V1_35ce78b4
1813791600,1813856400,BUY,C2-1813791600-BUY,CEBONK_C2_WEB_V1_35ce78b4
1813878000,1813885800,NEUTRAL,C2-1813878000-NEUTRAL,CEBONK_C2_WEB_V1_35ce78b4
1813885800,1813942800,BUY,C2-1813885800-BUY,CEBONK_C2_WEB_V1_35ce78b4
1813964400,1813975200,NEUTRAL,C2-1813964400-NEUTRAL,CEBONK_C2_WEB_V1_35ce78b4
1813975200,1813975500,TRANSITION,C2-1813975200-TRANSITION,CEBONK_C2_WEB_V1_35ce78b4
1813975500,1813981500,NEUTRAL,C2-1813975500-NEUTRAL,CEBONK_C2_WEB_V1_35ce78b4
1813981500,1814029200,BUY,C2-1813981500-BUY,CEBONK_C2_WEB_V1_35ce78b4
1814050800,1814062200,BUY,C2-1814050800-BUY,CEBONK_C2_WEB_V1_35ce78b4
1814062200,1814072700,NEUTRAL,C2-1814062200-NEUTRAL,CEBONK_C2_WEB_V1_35ce78b4
1814072700,1814073000,TRANSITION,C2-1814072700-TRANSITION,CEBONK_C2_WEB_V1_35ce78b4
1814073000,1814074200,NEUTRAL,C2-1814073000-NEUTRAL,CEBONK_C2_WEB_V1_35ce78b4
1814074200,1814115600,BUY,C2-1814074200-BUY,CEBONK_C2_WEB_V1_35ce78b4
1814137200,1814202000,BUY,C2-1814137200-BUY,CEBONK_C2_WEB_V1_35ce78b4
1814223600,1814288400,BUY,C2-1814223600-BUY,CEBONK_C2_WEB_V1_35ce78b4
1814310000,1814374800,BUY,C2-1814310000-BUY,CEBONK_C2_WEB_V1_35ce78b4
1814396400,1814461200,BUY,C2-1814396400-BUY,CEBONK_C2_WEB_V1_35ce78b4
1814482800,1814547600,BUY,C2-1814482800-BUY,CEBONK_C2_WEB_V1_35ce78b4
1814569200,1814634000,BUY,C2-1814569200-BUY,CEBONK_C2_WEB_V1_35ce78b4
1814655600,1814720400,BUY,C2-1814655600-BUY,CEBONK_C2_WEB_V1_35ce78b4
1814742000,1814754900,BUY,C2-1814742000-BUY,CEBONK_C2_WEB_V1_35ce78b4
1814754900,1814755200,NEUTRAL,C2-1814754900-NEUTRAL,CEBONK_C2_WEB_V1_35ce78b4
1814755200,1814806800,BUY,C2-1814755200-BUY,CEBONK_C2_WEB_V1_35ce78b4
1814828400,1814893200,BUY,C2-1814828400-BUY,CEBONK_C2_WEB_V1_35ce78b4
1814914800,1814979600,BUY,C2-1814914800-BUY,CEBONK_C2_WEB_V1_35ce78b4
1815001200,1815066000,BUY,C2-1815001200-BUY,CEBONK_C2_WEB_V1_35ce78b4
1815087600,1815152400,BUY,C2-1815087600-BUY,CEBONK_C2_WEB_V1_35ce78b4
1815174000,1815238800,BUY,C2-1815174000-BUY,CEBONK_C2_WEB_V1_35ce78b4
1815260400,1815325200,BUY,C2-1815260400-BUY,CEBONK_C2_WEB_V1_35ce78b4
1815346800,1815411600,BUY,C2-1815346800-BUY,CEBONK_C2_WEB_V1_35ce78b4
1815433200,1815498000,BUY,C2-1815433200-BUY,CEBONK_C2_WEB_V1_35ce78b4
1815519600,1815582900,BUY,C2-1815519600-BUY,CEBONK_C2_WEB_V1_35ce78b4
1815582900,1815584400,NEUTRAL,C2-1815582900-NEUTRAL,CEBONK_C2_WEB_V1_35ce78b4
1815606000,1815670800,BUY,C2-1815606000-BUY,CEBONK_C2_WEB_V1_35ce78b4
1815692400,1815737400,BUY,C2-1815692400-BUY,CEBONK_C2_WEB_V1_35ce78b4
1815737400,1815744000,NEUTRAL,C2-1815737400-NEUTRAL,CEBONK_C2_WEB_V1_35ce78b4
1815744000,1815744300,TRANSITION,C2-1815744000-TRANSITION,CEBONK_C2_WEB_V1_35ce78b4
1815744300,1815757200,NEUTRAL,C2-1815744300-NEUTRAL,CEBONK_C2_WEB_V1_35ce78b4
1815778800,1815783600,BUY,C2-1815778800-BUY,CEBONK_C2_WEB_V1_35ce78b4
1815783600,1815786600,NEUTRAL,C2-1815783600-NEUTRAL,CEBONK_C2_WEB_V1_35ce78b4
1815786600,1815843600,BUY,C2-1815786600-BUY,CEBONK_C2_WEB_V1_35ce78b4
1815865200,1815871500,NEUTRAL,C2-1815865200-NEUTRAL,CEBONK_C2_WEB_V1_35ce78b4
1815871500,1815871800,TRANSITION,C2-1815871500-TRANSITION,CEBONK_C2_WEB_V1_35ce78b4
1815871800,1815883200,NEUTRAL,C2-1815871800-NEUTRAL,CEBONK_C2_WEB_V1_35ce78b4
1815883200,1815909600,BUY,C2-1815883200-BUY,CEBONK_C2_WEB_V1_35ce78b4
1815909600,1815922200,NEUTRAL,C2-1815909600-NEUTRAL,CEBONK_C2_WEB_V1_35ce78b4
1815922200,1815930000,SELL,C2-1815922200-SELL,CEBONK_C2_WEB_V1_35ce78b4
1815951600,1815964200,NEUTRAL,C2-1815951600-NEUTRAL,CEBONK_C2_WEB_V1_35ce78b4
1815964200,1815978000,BUY,C2-1815964200-BUY,CEBONK_C2_WEB_V1_35ce78b4
1815978000,1816016400,NEUTRAL,C2-1815978000-NEUTRAL,CEBONK_C2_WEB_V1_35ce78b4
1816038000,1816050000,NEUTRAL,C2-1816038000-NEUTRAL,CEBONK_C2_WEB_V1_35ce78b4
1816050000,1816086000,SELL,C2-1816050000-SELL,CEBONK_C2_WEB_V1_35ce78b4
1816086000,1816086300,TRANSITION,C2-1816086000-TRANSITION,CEBONK_C2_WEB_V1_35ce78b4
1816086300,1816102800,NEUTRAL,C2-1816086300-NEUTRAL,CEBONK_C2_WEB_V1_35ce78b4
1816124400,1816157400,NEUTRAL,C2-1816124400-NEUTRAL,CEBONK_C2_WEB_V1_35ce78b4
1816157400,1816158000,BUY,C2-1816157400-BUY,CEBONK_C2_WEB_V1_35ce78b4
1816158000,1816158300,NEUTRAL,C2-1816158000-NEUTRAL,CEBONK_C2_WEB_V1_35ce78b4
1816158300,1816158600,TRANSITION,C2-1816158300-TRANSITION,CEBONK_C2_WEB_V1_35ce78b4
1816158600,1816163700,NEUTRAL,C2-1816158600-NEUTRAL,CEBONK_C2_WEB_V1_35ce78b4
1816163700,1816176600,SELL,C2-1816163700-SELL,CEBONK_C2_WEB_V1_35ce78b4
1816176600,1816189200,NEUTRAL,C2-1816176600-NEUTRAL,CEBONK_C2_WEB_V1_35ce78b4
1816210800,1816246500,NEUTRAL,C2-1816210800-NEUTRAL,CEBONK_C2_WEB_V1_35ce78b4
1816246500,1816275600,BUY,C2-1816246500-BUY,CEBONK_C2_WEB_V1_35ce78b4
1816297200,1816362000,BUY,C2-1816297200-BUY,CEBONK_C2_WEB_V1_35ce78b4
1816383600,1816411500,BUY,C2-1816383600-BUY,CEBONK_C2_WEB_V1_35ce78b4
1816411500,1816428900,NEUTRAL,C2-1816411500-NEUTRAL,CEBONK_C2_WEB_V1_35ce78b4
1816428900,1816429800,SELL,C2-1816428900-SELL,CEBONK_C2_WEB_V1_35ce78b4
1816429800,1816430100,TRANSITION,C2-1816429800-TRANSITION,CEBONK_C2_WEB_V1_35ce78b4
1816430100,1816448400,NEUTRAL,C2-1816430100-NEUTRAL,CEBONK_C2_WEB_V1_35ce78b4
1816470000,1816488600,NEUTRAL,C2-1816470000-NEUTRAL,CEBONK_C2_WEB_V1_35ce78b4
1816488600,1816500900,SELL,C2-1816488600-SELL,CEBONK_C2_WEB_V1_35ce78b4
1816500900,1816533000,NEUTRAL,C2-1816500900-NEUTRAL,CEBONK_C2_WEB_V1_35ce78b4
1816533000,1816533300,TRANSITION,C2-1816533000-TRANSITION,CEBONK_C2_WEB_V1_35ce78b4
1816533300,1816534800,NEUTRAL,C2-1816533300-NEUTRAL,CEBONK_C2_WEB_V1_35ce78b4
1816556400,1816572900,NEUTRAL,C2-1816556400-NEUTRAL,CEBONK_C2_WEB_V1_35ce78b4
1816572900,1816591200,SELL,C2-1816572900-SELL,CEBONK_C2_WEB_V1_35ce78b4
1816591200,1816597800,NEUTRAL,C2-1816591200-NEUTRAL,CEBONK_C2_WEB_V1_35ce78b4
1816597800,1816598700,BUY,C2-1816597800-BUY,CEBONK_C2_WEB_V1_35ce78b4
1816598700,1816599000,TRANSITION,C2-1816598700-TRANSITION,CEBONK_C2_WEB_V1_35ce78b4
1816599000,1816609800,NEUTRAL,C2-1816599000-NEUTRAL,CEBONK_C2_WEB_V1_35ce78b4
1816609800,1816621200,SELL,C2-1816609800-SELL,CEBONK_C2_WEB_V1_35ce78b4
1816642800,1816707600,NEUTRAL,C2-1816642800-NEUTRAL,CEBONK_C2_WEB_V1_35ce78b4
1816729200,1816784700,NEUTRAL,C2-1816729200-NEUTRAL,CEBONK_C2_WEB_V1_35ce78b4
1816784700,1816794000,SELL,C2-1816784700-SELL,CEBONK_C2_WEB_V1_35ce78b4
1816815600,1816820700,NEUTRAL,C2-1816815600-NEUTRAL,CEBONK_C2_WEB_V1_35ce78b4
1816820700,1816842000,BUY,C2-1816820700-BUY,CEBONK_C2_WEB_V1_35ce78b4
1816842000,1816842300,TRANSITION,C2-1816842000-TRANSITION,CEBONK_C2_WEB_V1_35ce78b4
1816842300,1816848900,NEUTRAL,C2-1816842300-NEUTRAL,CEBONK_C2_WEB_V1_35ce78b4
1816848900,1816849200,TRANSITION,C2-1816848900-TRANSITION,CEBONK_C2_WEB_V1_35ce78b4
1816849200,1816880400,NEUTRAL,C2-1816849200-NEUTRAL,CEBONK_C2_WEB_V1_35ce78b4
1816902000,1816966800,BUY,C2-1816902000-BUY,CEBONK_C2_WEB_V1_35ce78b4
1816988400,1817002800,BUY,C2-1816988400-BUY,CEBONK_C2_WEB_V1_35ce78b4
1817002800,1817027700,NEUTRAL,C2-1817002800-NEUTRAL,CEBONK_C2_WEB_V1_35ce78b4
1817027700,1817028000,TRANSITION,C2-1817027700-TRANSITION,CEBONK_C2_WEB_V1_35ce78b4
1817028000,1817037300,NEUTRAL,C2-1817028000-NEUTRAL,CEBONK_C2_WEB_V1_35ce78b4
1817037300,1817049900,BUY,C2-1817037300-BUY,CEBONK_C2_WEB_V1_35ce78b4
1817049900,1817053200,NEUTRAL,C2-1817049900-NEUTRAL,CEBONK_C2_WEB_V1_35ce78b4
1817074800,1817108700,NEUTRAL,C2-1817074800-NEUTRAL,CEBONK_C2_WEB_V1_35ce78b4
1817108700,1817109000,TRANSITION,C2-1817108700-TRANSITION,CEBONK_C2_WEB_V1_35ce78b4
1817109000,1817116800,NEUTRAL,C2-1817109000-NEUTRAL,CEBONK_C2_WEB_V1_35ce78b4
1817116800,1817122500,BUY,C2-1817116800-BUY,CEBONK_C2_WEB_V1_35ce78b4
1817122500,1817132700,NEUTRAL,C2-1817122500-NEUTRAL,CEBONK_C2_WEB_V1_35ce78b4
1817132700,1817133000,TRANSITION,C2-1817132700-TRANSITION,CEBONK_C2_WEB_V1_35ce78b4
1817133000,1817135400,NEUTRAL,C2-1817133000-NEUTRAL,CEBONK_C2_WEB_V1_35ce78b4
1817135400,1817135700,BUY,C2-1817135400-BUY,CEBONK_C2_WEB_V1_35ce78b4
1817135700,1817138100,NEUTRAL,C2-1817135700-NEUTRAL,CEBONK_C2_WEB_V1_35ce78b4
1817138100,1817139600,BUY,C2-1817138100-BUY,CEBONK_C2_WEB_V1_35ce78b4
1817161200,1817226000,BUY,C2-1817161200-BUY,CEBONK_C2_WEB_V1_35ce78b4
1817247600,1817312400,BUY,C2-1817247600-BUY,CEBONK_C2_WEB_V1_35ce78b4
1817334000,1817398800,BUY,C2-1817334000-BUY,CEBONK_C2_WEB_V1_35ce78b4
1817420400,1817485200,BUY,C2-1817420400-BUY,CEBONK_C2_WEB_V1_35ce78b4
1817506800,1817571600,BUY,C2-1817506800-BUY,CEBONK_C2_WEB_V1_35ce78b4
1817593200,1817658000,BUY,C2-1817593200-BUY,CEBONK_C2_WEB_V1_35ce78b4
1817679600,1817744400,BUY,C2-1817679600-BUY,CEBONK_C2_WEB_V1_35ce78b4
1817766000,1817778300,BUY,C2-1817766000-BUY,CEBONK_C2_WEB_V1_35ce78b4
1817778300,1817782200,NEUTRAL,C2-1817778300-NEUTRAL,CEBONK_C2_WEB_V1_35ce78b4
1817782200,1817782500,TRANSITION,C2-1817782200-TRANSITION,CEBONK_C2_WEB_V1_35ce78b4
1817782500,1817787900,NEUTRAL,C2-1817782500-NEUTRAL,CEBONK_C2_WEB_V1_35ce78b4
1817787900,1817830800,BUY,C2-1817787900-BUY,CEBONK_C2_WEB_V1_35ce78b4
1817852400,1817917200,BUY,C2-1817852400-BUY,CEBONK_C2_WEB_V1_35ce78b4
1817938800,1818003600,BUY,C2-1817938800-BUY,CEBONK_C2_WEB_V1_35ce78b4
1818025200,1818090000,BUY,C2-1818025200-BUY,CEBONK_C2_WEB_V1_35ce78b4
1818111600,1818176400,BUY,C2-1818111600-BUY,CEBONK_C2_WEB_V1_35ce78b4
1818198000,1818214200,BUY,C2-1818198000-BUY,CEBONK_C2_WEB_V1_35ce78b4
1818214200,1818223200,NEUTRAL,C2-1818214200-NEUTRAL,CEBONK_C2_WEB_V1_35ce78b4
1818223200,1818223500,TRANSITION,C2-1818223200-TRANSITION,CEBONK_C2_WEB_V1_35ce78b4
1818223500,1818230400,NEUTRAL,C2-1818223500-NEUTRAL,CEBONK_C2_WEB_V1_35ce78b4
1818230400,1818262800,BUY,C2-1818230400-BUY,CEBONK_C2_WEB_V1_35ce78b4
1818284400,1818284700,BUY,C2-1818284400-BUY,CEBONK_C2_WEB_V1_35ce78b4
1818284700,1818295500,NEUTRAL,C2-1818284700-NEUTRAL,CEBONK_C2_WEB_V1_35ce78b4
1818295500,1818295800,TRANSITION,C2-1818295500-TRANSITION,CEBONK_C2_WEB_V1_35ce78b4
1818295800,1818303600,NEUTRAL,C2-1818295800-NEUTRAL,CEBONK_C2_WEB_V1_35ce78b4
1818303600,1818349200,BUY,C2-1818303600-BUY,CEBONK_C2_WEB_V1_35ce78b4
1818370800,1818435600,BUY,C2-1818370800-BUY,CEBONK_C2_WEB_V1_35ce78b4
1818457200,1818471000,BUY,C2-1818457200-BUY,CEBONK_C2_WEB_V1_35ce78b4
1818471000,1818483600,NEUTRAL,C2-1818471000-NEUTRAL,CEBONK_C2_WEB_V1_35ce78b4
1818483600,1818501600,SELL,C2-1818483600-SELL,CEBONK_C2_WEB_V1_35ce78b4
1818501600,1818507900,NEUTRAL,C2-1818501600-NEUTRAL,CEBONK_C2_WEB_V1_35ce78b4
1818507900,1818522000,BUY,C2-1818507900-BUY,CEBONK_C2_WEB_V1_35ce78b4
1818543600,1818547500,NEUTRAL,C2-1818543600-NEUTRAL,CEBONK_C2_WEB_V1_35ce78b4
1818547500,1818550200,BUY,C2-1818547500-BUY,CEBONK_C2_WEB_V1_35ce78b4
1818550200,1818564900,NEUTRAL,C2-1818550200-NEUTRAL,CEBONK_C2_WEB_V1_35ce78b4
1818564900,1818565500,SELL,C2-1818564900-SELL,CEBONK_C2_WEB_V1_35ce78b4
1818565500,1818565800,TRANSITION,C2-1818565500-TRANSITION,CEBONK_C2_WEB_V1_35ce78b4
1818565800,1818573600,NEUTRAL,C2-1818565800-NEUTRAL,CEBONK_C2_WEB_V1_35ce78b4
1818573600,1818599400,BUY,C2-1818573600-BUY,CEBONK_C2_WEB_V1_35ce78b4
1818599400,1818600000,NEUTRAL,C2-1818599400-NEUTRAL,CEBONK_C2_WEB_V1_35ce78b4
1818600000,1818608400,BUY,C2-1818600000-BUY,CEBONK_C2_WEB_V1_35ce78b4
1818630000,1818694800,BUY,C2-1818630000-BUY,CEBONK_C2_WEB_V1_35ce78b4
1818716400,1818781200,BUY,C2-1818716400-BUY,CEBONK_C2_WEB_V1_35ce78b4
1818802800,1818867600,BUY,C2-1818802800-BUY,CEBONK_C2_WEB_V1_35ce78b4
1818889200,1818901200,NEUTRAL,C2-1818889200-NEUTRAL,CEBONK_C2_WEB_V1_35ce78b4
1818901200,1818906000,SELL,C2-1818901200-SELL,CEBONK_C2_WEB_V1_35ce78b4
1818906000,1818940800,NEUTRAL,C2-1818906000-NEUTRAL,CEBONK_C2_WEB_V1_35ce78b4
1818940800,1818954000,BUY,C2-1818940800-BUY,CEBONK_C2_WEB_V1_35ce78b4
1818975600,1818976500,BUY,C2-1818975600-BUY,CEBONK_C2_WEB_V1_35ce78b4
1818976500,1818989400,NEUTRAL,C2-1818976500-NEUTRAL,CEBONK_C2_WEB_V1_35ce78b4
1818989400,1818989700,TRANSITION,C2-1818989400-TRANSITION,CEBONK_C2_WEB_V1_35ce78b4
1818989700,1818990600,NEUTRAL,C2-1818989700-NEUTRAL,CEBONK_C2_WEB_V1_35ce78b4
1818990600,1818996300,BUY,C2-1818990600-BUY,CEBONK_C2_WEB_V1_35ce78b4
1818996300,1819023600,NEUTRAL,C2-1818996300-NEUTRAL,CEBONK_C2_WEB_V1_35ce78b4
1819023600,1819039500,BUY,C2-1819023600-BUY,CEBONK_C2_WEB_V1_35ce78b4
1819039500,1819040400,NEUTRAL,C2-1819039500-NEUTRAL,CEBONK_C2_WEB_V1_35ce78b4
1819062000,1819098600,NEUTRAL,C2-1819062000-NEUTRAL,CEBONK_C2_WEB_V1_35ce78b4
1819098600,1819126800,BUY,C2-1819098600-BUY,CEBONK_C2_WEB_V1_35ce78b4
1819148400,1819152600,BUY,C2-1819148400-BUY,CEBONK_C2_WEB_V1_35ce78b4
1819152600,1819161300,NEUTRAL,C2-1819152600-NEUTRAL,CEBONK_C2_WEB_V1_35ce78b4
1819161300,1819161600,TRANSITION,C2-1819161300-TRANSITION,CEBONK_C2_WEB_V1_35ce78b4
1819161600,1819166700,NEUTRAL,C2-1819161600-NEUTRAL,CEBONK_C2_WEB_V1_35ce78b4
1819166700,1819185900,BUY,C2-1819166700-BUY,CEBONK_C2_WEB_V1_35ce78b4
1819185900,1819186500,NEUTRAL,C2-1819185900-NEUTRAL,CEBONK_C2_WEB_V1_35ce78b4
1819186500,1819189500,BUY,C2-1819186500-BUY,CEBONK_C2_WEB_V1_35ce78b4
1819189500,1819191300,NEUTRAL,C2-1819189500-NEUTRAL,CEBONK_C2_WEB_V1_35ce78b4
1819191300,1819191600,TRANSITION,C2-1819191300-TRANSITION,CEBONK_C2_WEB_V1_35ce78b4
1819191600,1819192500,NEUTRAL,C2-1819191600-NEUTRAL,CEBONK_C2_WEB_V1_35ce78b4
1819192500,1819213200,BUY,C2-1819192500-BUY,CEBONK_C2_WEB_V1_35ce78b4
1819234800,1819299600,BUY,C2-1819234800-BUY,CEBONK_C2_WEB_V1_35ce78b4
1819321200,1819332000,BUY,C2-1819321200-BUY,CEBONK_C2_WEB_V1_35ce78b4
1819332000,1819355400,NEUTRAL,C2-1819332000-NEUTRAL,CEBONK_C2_WEB_V1_35ce78b4
1819355400,1819362300,BUY,C2-1819355400-BUY,CEBONK_C2_WEB_V1_35ce78b4
1819362300,1819378500,NEUTRAL,C2-1819362300-NEUTRAL,CEBONK_C2_WEB_V1_35ce78b4
1819378500,1819378800,BUY,C2-1819378500-BUY,CEBONK_C2_WEB_V1_35ce78b4
1819378800,1819379100,TRANSITION,C2-1819378800-TRANSITION,CEBONK_C2_WEB_V1_35ce78b4
1819379100,1819386000,NEUTRAL,C2-1819379100-NEUTRAL,CEBONK_C2_WEB_V1_35ce78b4
1819407600,1819472400,SELL,C2-1819407600-SELL,CEBONK_C2_WEB_V1_35ce78b4
1819494000,1819548900,SELL,C2-1819494000-SELL,CEBONK_C2_WEB_V1_35ce78b4
1819548900,1819558800,NEUTRAL,C2-1819548900-NEUTRAL,CEBONK_C2_WEB_V1_35ce78b4
1819580400,1819615800,NEUTRAL,C2-1819580400-NEUTRAL,CEBONK_C2_WEB_V1_35ce78b4
1819615800,1819645200,BUY,C2-1819615800-BUY,CEBONK_C2_WEB_V1_35ce78b4
1819666800,1819731600,BUY,C2-1819666800-BUY,CEBONK_C2_WEB_V1_35ce78b4
1819753200,1819810200,BUY,C2-1819753200-BUY,CEBONK_C2_WEB_V1_35ce78b4
1819810200,1819818000,NEUTRAL,C2-1819810200-NEUTRAL,CEBONK_C2_WEB_V1_35ce78b4
1819839600,1819893000,NEUTRAL,C2-1819839600-NEUTRAL,CEBONK_C2_WEB_V1_35ce78b4
1819893000,1819893300,TRANSITION,C2-1819893000-TRANSITION,CEBONK_C2_WEB_V1_35ce78b4
1819893300,1819896000,NEUTRAL,C2-1819893300-NEUTRAL,CEBONK_C2_WEB_V1_35ce78b4
1819896000,1819898700,SELL,C2-1819896000-SELL,CEBONK_C2_WEB_V1_35ce78b4
1819898700,1819904400,NEUTRAL,C2-1819898700-NEUTRAL,CEBONK_C2_WEB_V1_35ce78b4
1819926000,1819990800,NEUTRAL,C2-1819926000-NEUTRAL,CEBONK_C2_WEB_V1_35ce78b4
1820012400,1820017200,NEUTRAL,C2-1820012400-NEUTRAL,CEBONK_C2_WEB_V1_35ce78b4
1820017200,1820036100,SELL,C2-1820017200-SELL,CEBONK_C2_WEB_V1_35ce78b4
1820036100,1820070900,NEUTRAL,C2-1820036100-NEUTRAL,CEBONK_C2_WEB_V1_35ce78b4
1820070900,1820077200,SELL,C2-1820070900-SELL,CEBONK_C2_WEB_V1_35ce78b4
1820098800,1820101500,BUY,C2-1820098800-BUY,CEBONK_C2_WEB_V1_35ce78b4
1820101500,1820119800,NEUTRAL,C2-1820101500-NEUTRAL,CEBONK_C2_WEB_V1_35ce78b4
1820119800,1820124900,BUY,C2-1820119800-BUY,CEBONK_C2_WEB_V1_35ce78b4
1820124900,1820163600,NEUTRAL,C2-1820124900-NEUTRAL,CEBONK_C2_WEB_V1_35ce78b4
1820185200,1820250000,NEUTRAL,C2-1820185200-NEUTRAL,CEBONK_C2_WEB_V1_35ce78b4
1820271600,1820282400,BUY,C2-1820271600-BUY,CEBONK_C2_WEB_V1_35ce78b4
1820282400,1820291400,NEUTRAL,C2-1820282400-NEUTRAL,CEBONK_C2_WEB_V1_35ce78b4
1820291400,1820336400,SELL,C2-1820291400-SELL,CEBONK_C2_WEB_V1_35ce78b4
1820358000,1820419800,SELL,C2-1820358000-SELL,CEBONK_C2_WEB_V1_35ce78b4
1820419800,1820422800,NEUTRAL,C2-1820419800-NEUTRAL,CEBONK_C2_WEB_V1_35ce78b4
1820444400,1820483100,SELL,C2-1820444400-SELL,CEBONK_C2_WEB_V1_35ce78b4
1820483100,1820483700,NEUTRAL,C2-1820483100-NEUTRAL,CEBONK_C2_WEB_V1_35ce78b4
1820483700,1820509200,SELL,C2-1820483700-SELL,CEBONK_C2_WEB_V1_35ce78b4
1820530800,1820564400,SELL,C2-1820530800-SELL,CEBONK_C2_WEB_V1_35ce78b4
1820564400,1820576400,NEUTRAL,C2-1820564400-NEUTRAL,CEBONK_C2_WEB_V1_35ce78b4
1820576400,1820576700,TRANSITION,C2-1820576400-TRANSITION,CEBONK_C2_WEB_V1_35ce78b4
1820576700,1820584200,NEUTRAL,C2-1820576700-NEUTRAL,CEBONK_C2_WEB_V1_35ce78b4
1820584200,1820595600,SELL,C2-1820584200-SELL,CEBONK_C2_WEB_V1_35ce78b4
1820617200,1820627700,SELL,C2-1820617200-SELL,CEBONK_C2_WEB_V1_35ce78b4
1820627700,1820642400,NEUTRAL,C2-1820627700-NEUTRAL,CEBONK_C2_WEB_V1_35ce78b4
1820642400,1820682000,SELL,C2-1820642400-SELL,CEBONK_C2_WEB_V1_35ce78b4
1820703600,1820727300,SELL,C2-1820703600-SELL,CEBONK_C2_WEB_V1_35ce78b4
1820727300,1820768400,NEUTRAL,C2-1820727300-NEUTRAL,CEBONK_C2_WEB_V1_35ce78b4
1820790000,1820854800,NEUTRAL,C2-1820790000-NEUTRAL,CEBONK_C2_WEB_V1_35ce78b4
1820876400,1820940300,NEUTRAL,C2-1820876400-NEUTRAL,CEBONK_C2_WEB_V1_35ce78b4
1820940300,1820941200,BUY,C2-1820940300-BUY,CEBONK_C2_WEB_V1_35ce78b4
1820962800,1820973600,SELL,C2-1820962800-SELL,CEBONK_C2_WEB_V1_35ce78b4
1820973600,1821027600,NEUTRAL,C2-1820973600-NEUTRAL,CEBONK_C2_WEB_V1_35ce78b4
1821049200,1821057600,SELL,C2-1821049200-SELL,CEBONK_C2_WEB_V1_35ce78b4
1821057600,1821114000,NEUTRAL,C2-1821057600-NEUTRAL,CEBONK_C2_WEB_V1_35ce78b4
1821135600,1821200400,BUY,C2-1821135600-BUY,CEBONK_C2_WEB_V1_35ce78b4
1821222000,1821230700,BUY,C2-1821222000-BUY,CEBONK_C2_WEB_V1_35ce78b4
1821230700,1821252300,NEUTRAL,C2-1821230700-NEUTRAL,CEBONK_C2_WEB_V1_35ce78b4
1821252300,1821261900,BUY,C2-1821252300-BUY,CEBONK_C2_WEB_V1_35ce78b4
1821261900,1821270000,NEUTRAL,C2-1821261900-NEUTRAL,CEBONK_C2_WEB_V1_35ce78b4
1821270000,1821274800,BUY,C2-1821270000-BUY,CEBONK_C2_WEB_V1_35ce78b4
1821274800,1821286800,NEUTRAL,C2-1821274800-NEUTRAL,CEBONK_C2_WEB_V1_35ce78b4
1821308400,1821329700,BUY,C2-1821308400-BUY,CEBONK_C2_WEB_V1_35ce78b4
1821329700,1821338700,NEUTRAL,C2-1821329700-NEUTRAL,CEBONK_C2_WEB_V1_35ce78b4
1821338700,1821339000,TRANSITION,C2-1821338700-TRANSITION,CEBONK_C2_WEB_V1_35ce78b4
1821339000,1821345300,NEUTRAL,C2-1821339000-NEUTRAL,CEBONK_C2_WEB_V1_35ce78b4
1821345300,1821373200,BUY,C2-1821345300-BUY,CEBONK_C2_WEB_V1_35ce78b4
1821394800,1821459600,BUY,C2-1821394800-BUY,CEBONK_C2_WEB_V1_35ce78b4
1821481200,1821546000,BUY,C2-1821481200-BUY,CEBONK_C2_WEB_V1_35ce78b4
1821567600,1821577500,BUY,C2-1821567600-BUY,CEBONK_C2_WEB_V1_35ce78b4
1821577500,1821583500,NEUTRAL,C2-1821577500-NEUTRAL,CEBONK_C2_WEB_V1_35ce78b4
1821583500,1821583800,TRANSITION,C2-1821583500-TRANSITION,CEBONK_C2_WEB_V1_35ce78b4
1821583800,1821591900,NEUTRAL,C2-1821583800-NEUTRAL,CEBONK_C2_WEB_V1_35ce78b4
1821591900,1821614100,BUY,C2-1821591900-BUY,CEBONK_C2_WEB_V1_35ce78b4
1821614100,1821632400,NEUTRAL,C2-1821614100-NEUTRAL,CEBONK_C2_WEB_V1_35ce78b4
1821654000,1821662700,NEUTRAL,C2-1821654000-NEUTRAL,CEBONK_C2_WEB_V1_35ce78b4
1821662700,1821674700,BUY,C2-1821662700-BUY,CEBONK_C2_WEB_V1_35ce78b4
1821674700,1821684300,NEUTRAL,C2-1821674700-NEUTRAL,CEBONK_C2_WEB_V1_35ce78b4
1821684300,1821704700,SELL,C2-1821684300-SELL,CEBONK_C2_WEB_V1_35ce78b4
1821704700,1821718800,NEUTRAL,C2-1821704700-NEUTRAL,CEBONK_C2_WEB_V1_35ce78b4
1821740400,1821773400,NEUTRAL,C2-1821740400-NEUTRAL,CEBONK_C2_WEB_V1_35ce78b4
1821773400,1821774000,TRANSITION,C2-1821773400-TRANSITION,CEBONK_C2_WEB_V1_35ce78b4
1821774000,1821781800,NEUTRAL,C2-1821774000-NEUTRAL,CEBONK_C2_WEB_V1_35ce78b4
1821781800,1821791100,BUY,C2-1821781800-BUY,CEBONK_C2_WEB_V1_35ce78b4
1821791100,1821805200,NEUTRAL,C2-1821791100-NEUTRAL,CEBONK_C2_WEB_V1_35ce78b4
1821826800,1821850500,NEUTRAL,C2-1821826800-NEUTRAL,CEBONK_C2_WEB_V1_35ce78b4
1821850500,1821857700,SELL,C2-1821850500-SELL,CEBONK_C2_WEB_V1_35ce78b4
1821857700,1821882600,NEUTRAL,C2-1821857700-NEUTRAL,CEBONK_C2_WEB_V1_35ce78b4
1821882600,1821891600,BUY,C2-1821882600-BUY,CEBONK_C2_WEB_V1_35ce78b4
1821913200,1821929700,NEUTRAL,C2-1821913200-NEUTRAL,CEBONK_C2_WEB_V1_35ce78b4
1821929700,1821945000,BUY,C2-1821929700-BUY,CEBONK_C2_WEB_V1_35ce78b4
1821945000,1821959700,NEUTRAL,C2-1821945000-NEUTRAL,CEBONK_C2_WEB_V1_35ce78b4
1821959700,1821971100,BUY,C2-1821959700-BUY,CEBONK_C2_WEB_V1_35ce78b4
1821971100,1821971400,TRANSITION,C2-1821971100-TRANSITION,CEBONK_C2_WEB_V1_35ce78b4
1821971400,1821976200,NEUTRAL,C2-1821971400-NEUTRAL,CEBONK_C2_WEB_V1_35ce78b4
1821976200,1821976500,TRANSITION,C2-1821976200-TRANSITION,CEBONK_C2_WEB_V1_35ce78b4
1821976500,1821978000,NEUTRAL,C2-1821976500-NEUTRAL,CEBONK_C2_WEB_V1_35ce78b4
1821999600,1822064400,BUY,C2-1821999600-BUY,CEBONK_C2_WEB_V1_35ce78b4
1822086000,1822108200,BUY,C2-1822086000-BUY,CEBONK_C2_WEB_V1_35ce78b4
1822108200,1822111500,NEUTRAL,C2-1822108200-NEUTRAL,CEBONK_C2_WEB_V1_35ce78b4
1822111500,1822111800,TRANSITION,C2-1822111500-TRANSITION,CEBONK_C2_WEB_V1_35ce78b4
1822111800,1822125000,NEUTRAL,C2-1822111800-NEUTRAL,CEBONK_C2_WEB_V1_35ce78b4
1822125000,1822143000,BUY,C2-1822125000-BUY,CEBONK_C2_WEB_V1_35ce78b4
1822143000,1822146600,NEUTRAL,C2-1822143000-NEUTRAL,CEBONK_C2_WEB_V1_35ce78b4
1822146600,1822146900,BUY,C2-1822146600-BUY,CEBONK_C2_WEB_V1_35ce78b4
1822146900,1822150800,NEUTRAL,C2-1822146900-NEUTRAL,CEBONK_C2_WEB_V1_35ce78b4
1822172400,1822237200,NEUTRAL,C2-1822172400-NEUTRAL,CEBONK_C2_WEB_V1_35ce78b4
1822258800,1822261800,BUY,C2-1822258800-BUY,CEBONK_C2_WEB_V1_35ce78b4
1822261800,1822263300,NEUTRAL,C2-1822261800-NEUTRAL,CEBONK_C2_WEB_V1_35ce78b4
1822263300,1822296600,BUY,C2-1822263300-BUY,CEBONK_C2_WEB_V1_35ce78b4
1822296600,1822323600,NEUTRAL,C2-1822296600-NEUTRAL,CEBONK_C2_WEB_V1_35ce78b4
1822345200,1822347300,NEUTRAL,C2-1822345200-NEUTRAL,CEBONK_C2_WEB_V1_35ce78b4
1822347300,1822370400,BUY,C2-1822347300-BUY,CEBONK_C2_WEB_V1_35ce78b4
1822370400,1822382100,NEUTRAL,C2-1822370400-NEUTRAL,CEBONK_C2_WEB_V1_35ce78b4
1822382100,1822388700,SELL,C2-1822382100-SELL,CEBONK_C2_WEB_V1_35ce78b4
1822388700,1822410000,NEUTRAL,C2-1822388700-NEUTRAL,CEBONK_C2_WEB_V1_35ce78b4
1822431600,1822433400,BUY,C2-1822431600-BUY,CEBONK_C2_WEB_V1_35ce78b4
1822433400,1822443000,NEUTRAL,C2-1822433400-NEUTRAL,CEBONK_C2_WEB_V1_35ce78b4
1822443000,1822443300,TRANSITION,C2-1822443000-TRANSITION,CEBONK_C2_WEB_V1_35ce78b4
1822443300,1822454100,NEUTRAL,C2-1822443300-NEUTRAL,CEBONK_C2_WEB_V1_35ce78b4
1822454100,1822496400,BUY,C2-1822454100-BUY,CEBONK_C2_WEB_V1_35ce78b4
1822518000,1822534800,BUY,C2-1822518000-BUY,CEBONK_C2_WEB_V1_35ce78b4
1822534800,1822538700,NEUTRAL,C2-1822534800-NEUTRAL,CEBONK_C2_WEB_V1_35ce78b4
1822538700,1822539900,BUY,C2-1822538700-BUY,CEBONK_C2_WEB_V1_35ce78b4
1822539900,1822549200,NEUTRAL,C2-1822539900-NEUTRAL,CEBONK_C2_WEB_V1_35ce78b4
1822549200,1822549500,TRANSITION,C2-1822549200-TRANSITION,CEBONK_C2_WEB_V1_35ce78b4
1822549500,1822582800,NEUTRAL,C2-1822549500-NEUTRAL,CEBONK_C2_WEB_V1_35ce78b4
1822604400,1822604700,NEUTRAL,C2-1822604400-NEUTRAL,CEBONK_C2_WEB_V1_35ce78b4
1822604700,1822627800,SELL,C2-1822604700-SELL,CEBONK_C2_WEB_V1_35ce78b4
1822627800,1822643100,NEUTRAL,C2-1822627800-NEUTRAL,CEBONK_C2_WEB_V1_35ce78b4
1822643100,1822669200,SELL,C2-1822643100-SELL,CEBONK_C2_WEB_V1_35ce78b4
1822690800,1822753500,SELL,C2-1822690800-SELL,CEBONK_C2_WEB_V1_35ce78b4
1822753500,1822755600,NEUTRAL,C2-1822753500-NEUTRAL,CEBONK_C2_WEB_V1_35ce78b4
1822777200,1822777500,BUY,C2-1822777200-BUY,CEBONK_C2_WEB_V1_35ce78b4
1822777500,1822777800,TRANSITION,C2-1822777500-TRANSITION,CEBONK_C2_WEB_V1_35ce78b4
1822777800,1822791600,NEUTRAL,C2-1822777800-NEUTRAL,CEBONK_C2_WEB_V1_35ce78b4
1822791600,1822792200,BUY,C2-1822791600-BUY,CEBONK_C2_WEB_V1_35ce78b4
1822792200,1822842000,NEUTRAL,C2-1822792200-NEUTRAL,CEBONK_C2_WEB_V1_35ce78b4
1822863600,1822901400,NEUTRAL,C2-1822863600-NEUTRAL,CEBONK_C2_WEB_V1_35ce78b4
1822901400,1822910700,SELL,C2-1822901400-SELL,CEBONK_C2_WEB_V1_35ce78b4
1822910700,1822918800,NEUTRAL,C2-1822910700-NEUTRAL,CEBONK_C2_WEB_V1_35ce78b4
1822918800,1822926000,BUY,C2-1822918800-BUY,CEBONK_C2_WEB_V1_35ce78b4
1822926000,1822928400,NEUTRAL,C2-1822926000-NEUTRAL,CEBONK_C2_WEB_V1_35ce78b4
1822950000,1822987500,NEUTRAL,C2-1822950000-NEUTRAL,CEBONK_C2_WEB_V1_35ce78b4
1822987500,1822987800,TRANSITION,C2-1822987500-TRANSITION,CEBONK_C2_WEB_V1_35ce78b4
1822987800,1822988700,NEUTRAL,C2-1822987800-NEUTRAL,CEBONK_C2_WEB_V1_35ce78b4
1822988700,1822995000,SELL,C2-1822988700-SELL,CEBONK_C2_WEB_V1_35ce78b4
1822995000,1823014800,NEUTRAL,C2-1822995000-NEUTRAL,CEBONK_C2_WEB_V1_35ce78b4
1823036400,1823043600,SELL,C2-1823036400-SELL,CEBONK_C2_WEB_V1_35ce78b4
1823043600,1823055900,NEUTRAL,C2-1823043600-NEUTRAL,CEBONK_C2_WEB_V1_35ce78b4
1823055900,1823061600,SELL,C2-1823055900-SELL,CEBONK_C2_WEB_V1_35ce78b4
1823061600,1823061900,TRANSITION,C2-1823061600-TRANSITION,CEBONK_C2_WEB_V1_35ce78b4
1823061900,1823094900,NEUTRAL,C2-1823061900-NEUTRAL,CEBONK_C2_WEB_V1_35ce78b4
1823094900,1823097900,BUY,C2-1823094900-BUY,CEBONK_C2_WEB_V1_35ce78b4
1823097900,1823101200,NEUTRAL,C2-1823097900-NEUTRAL,CEBONK_C2_WEB_V1_35ce78b4
1823122800,1823140200,NEUTRAL,C2-1823122800-NEUTRAL,CEBONK_C2_WEB_V1_35ce78b4
1823140200,1823157000,BUY,C2-1823140200-BUY,CEBONK_C2_WEB_V1_35ce78b4
1823157000,1823187600,NEUTRAL,C2-1823157000-NEUTRAL,CEBONK_C2_WEB_V1_35ce78b4
1823209200,1823209500,BUY,C2-1823209200-BUY,CEBONK_C2_WEB_V1_35ce78b4
1823209500,1823209800,TRANSITION,C2-1823209500-TRANSITION,CEBONK_C2_WEB_V1_35ce78b4
1823209800,1823217300,NEUTRAL,C2-1823209800-NEUTRAL,CEBONK_C2_WEB_V1_35ce78b4
1823217300,1823226000,SELL,C2-1823217300-SELL,CEBONK_C2_WEB_V1_35ce78b4
1823226000,1823268600,NEUTRAL,C2-1823226000-NEUTRAL,CEBONK_C2_WEB_V1_35ce78b4
1823268600,1823274000,BUY,C2-1823268600-BUY,CEBONK_C2_WEB_V1_35ce78b4
1823295600,1823303100,SELL,C2-1823295600-SELL,CEBONK_C2_WEB_V1_35ce78b4
1823303100,1823303400,TRANSITION,C2-1823303100-TRANSITION,CEBONK_C2_WEB_V1_35ce78b4
1823303400,1823304300,NEUTRAL,C2-1823303400-NEUTRAL,CEBONK_C2_WEB_V1_35ce78b4
1823304300,1823322900,SELL,C2-1823304300-SELL,CEBONK_C2_WEB_V1_35ce78b4
1823322900,1823353200,NEUTRAL,C2-1823322900-NEUTRAL,CEBONK_C2_WEB_V1_35ce78b4
1823353200,1823360400,SELL,C2-1823353200-SELL,CEBONK_C2_WEB_V1_35ce78b4
1823382000,1823433900,NEUTRAL,C2-1823382000-NEUTRAL,CEBONK_C2_WEB_V1_35ce78b4
1823433900,1823446800,BUY,C2-1823433900-BUY,CEBONK_C2_WEB_V1_35ce78b4
1823468400,1823479800,NEUTRAL,C2-1823468400-NEUTRAL,CEBONK_C2_WEB_V1_35ce78b4
1823479800,1823502300,BUY,C2-1823479800-BUY,CEBONK_C2_WEB_V1_35ce78b4
1823502300,1823502600,NEUTRAL,C2-1823502300-NEUTRAL,CEBONK_C2_WEB_V1_35ce78b4
1823502600,1823503800,BUY,C2-1823502600-BUY,CEBONK_C2_WEB_V1_35ce78b4
1823503800,1823512500,NEUTRAL,C2-1823503800-NEUTRAL,CEBONK_C2_WEB_V1_35ce78b4
1823512500,1823533200,BUY,C2-1823512500-BUY,CEBONK_C2_WEB_V1_35ce78b4
1823554800,1823605200,NEUTRAL,C2-1823554800-NEUTRAL,CEBONK_C2_WEB_V1_35ce78b4
1823605200,1823608500,SELL,C2-1823605200-SELL,CEBONK_C2_WEB_V1_35ce78b4
1823608500,1823608800,TRANSITION,C2-1823608500-TRANSITION,CEBONK_C2_WEB_V1_35ce78b4
1823608800,1823619600,NEUTRAL,C2-1823608800-NEUTRAL,CEBONK_C2_WEB_V1_35ce78b4
1823641200,1823689200,NEUTRAL,C2-1823641200-NEUTRAL,CEBONK_C2_WEB_V1_35ce78b4
1823689200,1823695500,SELL,C2-1823689200-SELL,CEBONK_C2_WEB_V1_35ce78b4
1823695500,1823706000,NEUTRAL,C2-1823695500-NEUTRAL,CEBONK_C2_WEB_V1_35ce78b4
1823727600,1823747400,SELL,C2-1823727600-SELL,CEBONK_C2_WEB_V1_35ce78b4
1823747400,1823763300,NEUTRAL,C2-1823747400-NEUTRAL,CEBONK_C2_WEB_V1_35ce78b4
1823763300,1823763600,SELL,C2-1823763300-SELL,CEBONK_C2_WEB_V1_35ce78b4
1823763600,1823776200,NEUTRAL,C2-1823763600-NEUTRAL,CEBONK_C2_WEB_V1_35ce78b4
1823776200,1823777100,BUY,C2-1823776200-BUY,CEBONK_C2_WEB_V1_35ce78b4
1823777100,1823777400,TRANSITION,C2-1823777100-TRANSITION,CEBONK_C2_WEB_V1_35ce78b4
1823777400,1823787000,NEUTRAL,C2-1823777400-NEUTRAL,CEBONK_C2_WEB_V1_35ce78b4
1823787000,1823792400,SELL,C2-1823787000-SELL,CEBONK_C2_WEB_V1_35ce78b4
1823814000,1823850000,SELL,C2-1823814000-SELL,CEBONK_C2_WEB_V1_35ce78b4
1823850000,1823853900,NEUTRAL,C2-1823850000-NEUTRAL,CEBONK_C2_WEB_V1_35ce78b4
1823853900,1823876700,SELL,C2-1823853900-SELL,CEBONK_C2_WEB_V1_35ce78b4
1823876700,1823878800,NEUTRAL,C2-1823876700-NEUTRAL,CEBONK_C2_WEB_V1_35ce78b4
1823900400,1823965200,NEUTRAL,C2-1823900400-NEUTRAL,CEBONK_C2_WEB_V1_35ce78b4
1823986800,1824002100,NEUTRAL,C2-1823986800-NEUTRAL,CEBONK_C2_WEB_V1_35ce78b4
1824002100,1824033300,BUY,C2-1824002100-BUY,CEBONK_C2_WEB_V1_35ce78b4
1824033300,1824051600,NEUTRAL,C2-1824033300-NEUTRAL,CEBONK_C2_WEB_V1_35ce78b4
1824073200,1824074700,NEUTRAL,C2-1824073200-NEUTRAL,CEBONK_C2_WEB_V1_35ce78b4
1824074700,1824075300,SELL,C2-1824074700-SELL,CEBONK_C2_WEB_V1_35ce78b4
1824075300,1824098400,NEUTRAL,C2-1824075300-NEUTRAL,CEBONK_C2_WEB_V1_35ce78b4
1824098400,1824098700,TRANSITION,C2-1824098400-TRANSITION,CEBONK_C2_WEB_V1_35ce78b4
1824098700,1824114600,NEUTRAL,C2-1824098700-NEUTRAL,CEBONK_C2_WEB_V1_35ce78b4
1824114600,1824138000,BUY,C2-1824114600-BUY,CEBONK_C2_WEB_V1_35ce78b4
1824159600,1824195000,BUY,C2-1824159600-BUY,CEBONK_C2_WEB_V1_35ce78b4
1824195000,1824195600,NEUTRAL,C2-1824195000-NEUTRAL,CEBONK_C2_WEB_V1_35ce78b4
1824195600,1824224400,BUY,C2-1824195600-BUY,CEBONK_C2_WEB_V1_35ce78b4
1824246000,1824310800,BUY,C2-1824246000-BUY,CEBONK_C2_WEB_V1_35ce78b4
1824332400,1824348600,BUY,C2-1824332400-BUY,CEBONK_C2_WEB_V1_35ce78b4
1824348600,1824354300,NEUTRAL,C2-1824348600-NEUTRAL,CEBONK_C2_WEB_V1_35ce78b4
1824354300,1824354600,TRANSITION,C2-1824354300-TRANSITION,CEBONK_C2_WEB_V1_35ce78b4
1824354600,1824397200,BUY,C2-1824354600-BUY,CEBONK_C2_WEB_V1_35ce78b4
1824418800,1824431700,BUY,C2-1824418800-BUY,CEBONK_C2_WEB_V1_35ce78b4
1824431700,1824454500,NEUTRAL,C2-1824431700-NEUTRAL,CEBONK_C2_WEB_V1_35ce78b4
1824454500,1824456300,SELL,C2-1824454500-SELL,CEBONK_C2_WEB_V1_35ce78b4
1824456300,1824456600,TRANSITION,C2-1824456300-TRANSITION,CEBONK_C2_WEB_V1_35ce78b4
1824456600,1824483600,NEUTRAL,C2-1824456600-NEUTRAL,CEBONK_C2_WEB_V1_35ce78b4
1824505200,1824521700,NEUTRAL,C2-1824505200-NEUTRAL,CEBONK_C2_WEB_V1_35ce78b4
1824521700,1824539400,BUY,C2-1824521700-BUY,CEBONK_C2_WEB_V1_35ce78b4
1824539400,1824547200,NEUTRAL,C2-1824539400-NEUTRAL,CEBONK_C2_WEB_V1_35ce78b4
1824547200,1824555600,BUY,C2-1824547200-BUY,CEBONK_C2_WEB_V1_35ce78b4
1824555600,1824570000,NEUTRAL,C2-1824555600-NEUTRAL,CEBONK_C2_WEB_V1_35ce78b4
1824591600,1824611400,NEUTRAL,C2-1824591600-NEUTRAL,CEBONK_C2_WEB_V1_35ce78b4
1824611400,1824621300,SELL,C2-1824611400-SELL,CEBONK_C2_WEB_V1_35ce78b4
1824621300,1824623400,NEUTRAL,C2-1824621300-NEUTRAL,CEBONK_C2_WEB_V1_35ce78b4
1824623400,1824624300,SELL,C2-1824623400-SELL,CEBONK_C2_WEB_V1_35ce78b4
1824624300,1824624600,TRANSITION,C2-1824624300-TRANSITION,CEBONK_C2_WEB_V1_35ce78b4
1824624600,1824625800,NEUTRAL,C2-1824624600-NEUTRAL,CEBONK_C2_WEB_V1_35ce78b4
1824625800,1824626100,TRANSITION,C2-1824625800-TRANSITION,CEBONK_C2_WEB_V1_35ce78b4
1824626100,1824631800,NEUTRAL,C2-1824626100-NEUTRAL,CEBONK_C2_WEB_V1_35ce78b4
1824631800,1824639300,SELL,C2-1824631800-SELL,CEBONK_C2_WEB_V1_35ce78b4
1824639300,1824656400,NEUTRAL,C2-1824639300-NEUTRAL,CEBONK_C2_WEB_V1_35ce78b4
1824678000,1824742800,SELL,C2-1824678000-SELL,CEBONK_C2_WEB_V1_35ce78b4
1824764400,1824813000,SELL,C2-1824764400-SELL,CEBONK_C2_WEB_V1_35ce78b4
1824813000,1824817500,NEUTRAL,C2-1824813000-NEUTRAL,CEBONK_C2_WEB_V1_35ce78b4
1824817500,1824817800,TRANSITION,C2-1824817500-TRANSITION,CEBONK_C2_WEB_V1_35ce78b4
1824817800,1824829200,NEUTRAL,C2-1824817800-NEUTRAL,CEBONK_C2_WEB_V1_35ce78b4
1824850800,1824901800,NEUTRAL,C2-1824850800-NEUTRAL,CEBONK_C2_WEB_V1_35ce78b4
1824901800,1824910500,BUY,C2-1824901800-BUY,CEBONK_C2_WEB_V1_35ce78b4
1824910500,1824915600,NEUTRAL,C2-1824910500-NEUTRAL,CEBONK_C2_WEB_V1_35ce78b4
1824937200,1824953700,NEUTRAL,C2-1824937200-NEUTRAL,CEBONK_C2_WEB_V1_35ce78b4
1824953700,1824971100,BUY,C2-1824953700-BUY,CEBONK_C2_WEB_V1_35ce78b4
1824971100,1824991500,NEUTRAL,C2-1824971100-NEUTRAL,CEBONK_C2_WEB_V1_35ce78b4
1824991500,1825002000,BUY,C2-1824991500-BUY,CEBONK_C2_WEB_V1_35ce78b4
1825023600,1825030800,NEUTRAL,C2-1825023600-NEUTRAL,CEBONK_C2_WEB_V1_35ce78b4
1825030800,1825031700,SELL,C2-1825030800-SELL,CEBONK_C2_WEB_V1_35ce78b4
1825031700,1825032000,TRANSITION,C2-1825031700-TRANSITION,CEBONK_C2_WEB_V1_35ce78b4
1825032000,1825088400,NEUTRAL,C2-1825032000-NEUTRAL,CEBONK_C2_WEB_V1_35ce78b4
1825110000,1825117200,NEUTRAL,C2-1825110000-NEUTRAL,CEBONK_C2_WEB_V1_35ce78b4
1825117200,1825136100,BUY,C2-1825117200-BUY,CEBONK_C2_WEB_V1_35ce78b4
1825136100,1825174800,NEUTRAL,C2-1825136100-NEUTRAL,CEBONK_C2_WEB_V1_35ce78b4
1825196400,1825201200,NEUTRAL,C2-1825196400-NEUTRAL,CEBONK_C2_WEB_V1_35ce78b4
1825201200,1825205100,SELL,C2-1825201200-SELL,CEBONK_C2_WEB_V1_35ce78b4
1825205100,1825248300,NEUTRAL,C2-1825205100-NEUTRAL,CEBONK_C2_WEB_V1_35ce78b4
1825248300,1825251000,BUY,C2-1825248300-BUY,CEBONK_C2_WEB_V1_35ce78b4
1825251000,1825251300,TRANSITION,C2-1825251000-TRANSITION,CEBONK_C2_WEB_V1_35ce78b4
1825251300,1825261200,NEUTRAL,C2-1825251300-NEUTRAL,CEBONK_C2_WEB_V1_35ce78b4
1825282800,1825312800,NEUTRAL,C2-1825282800-NEUTRAL,CEBONK_C2_WEB_V1_35ce78b4
1825312800,1825313400,BUY,C2-1825312800-BUY,CEBONK_C2_WEB_V1_35ce78b4
1825313400,1825314300,NEUTRAL,C2-1825313400-NEUTRAL,CEBONK_C2_WEB_V1_35ce78b4
1825314300,1825327800,BUY,C2-1825314300-BUY,CEBONK_C2_WEB_V1_35ce78b4
1825327800,1825334100,NEUTRAL,C2-1825327800-NEUTRAL,CEBONK_C2_WEB_V1_35ce78b4
1825334100,1825340700,SELL,C2-1825334100-SELL,CEBONK_C2_WEB_V1_35ce78b4
1825340700,1825347600,NEUTRAL,C2-1825340700-NEUTRAL,CEBONK_C2_WEB_V1_35ce78b4
1825369200,1825434000,BUY,C2-1825369200-BUY,CEBONK_C2_WEB_V1_35ce78b4
1825455600,1825467600,BUY,C2-1825455600-BUY,CEBONK_C2_WEB_V1_35ce78b4
1825467600,1825486800,NEUTRAL,C2-1825467600-NEUTRAL,CEBONK_C2_WEB_V1_35ce78b4
1825486800,1825488600,SELL,C2-1825486800-SELL,CEBONK_C2_WEB_V1_35ce78b4
1825488600,1825488900,TRANSITION,C2-1825488600-TRANSITION,CEBONK_C2_WEB_V1_35ce78b4
1825488900,1825497600,NEUTRAL,C2-1825488900-NEUTRAL,CEBONK_C2_WEB_V1_35ce78b4
1825497600,1825511100,BUY,C2-1825497600-BUY,CEBONK_C2_WEB_V1_35ce78b4
1825511100,1825520400,NEUTRAL,C2-1825511100-NEUTRAL,CEBONK_C2_WEB_V1_35ce78b4
1825542000,1825548900,NEUTRAL,C2-1825542000-NEUTRAL,CEBONK_C2_WEB_V1_35ce78b4
1825548900,1825559400,BUY,C2-1825548900-BUY,CEBONK_C2_WEB_V1_35ce78b4
1825559400,1825581900,NEUTRAL,C2-1825559400-NEUTRAL,CEBONK_C2_WEB_V1_35ce78b4
1825581900,1825582800,BUY,C2-1825581900-BUY,CEBONK_C2_WEB_V1_35ce78b4
1825582800,1825606800,NEUTRAL,C2-1825582800-NEUTRAL,CEBONK_C2_WEB_V1_35ce78b4
1825628400,1825654500,NEUTRAL,C2-1825628400-NEUTRAL,CEBONK_C2_WEB_V1_35ce78b4
1825654500,1825685100,SELL,C2-1825654500-SELL,CEBONK_C2_WEB_V1_35ce78b4
1825685100,1825693200,NEUTRAL,C2-1825685100-NEUTRAL,CEBONK_C2_WEB_V1_35ce78b4
1825714800,1825725600,NEUTRAL,C2-1825714800-NEUTRAL,CEBONK_C2_WEB_V1_35ce78b4
1825725600,1825726500,BUY,C2-1825725600-BUY,CEBONK_C2_WEB_V1_35ce78b4
1825726500,1825726800,TRANSITION,C2-1825726500-TRANSITION,CEBONK_C2_WEB_V1_35ce78b4
1825726800,1825732800,NEUTRAL,C2-1825726800-NEUTRAL,CEBONK_C2_WEB_V1_35ce78b4
1825732800,1825734600,SELL,C2-1825732800-SELL,CEBONK_C2_WEB_V1_35ce78b4
1825734600,1825734900,TRANSITION,C2-1825734600-TRANSITION,CEBONK_C2_WEB_V1_35ce78b4
1825734900,1825753200,NEUTRAL,C2-1825734900-NEUTRAL,CEBONK_C2_WEB_V1_35ce78b4
1825753200,1825771500,SELL,C2-1825753200-SELL,CEBONK_C2_WEB_V1_35ce78b4
1825771500,1825779600,NEUTRAL,C2-1825771500-NEUTRAL,CEBONK_C2_WEB_V1_35ce78b4
1825801200,1825846800,NEUTRAL,C2-1825801200-NEUTRAL,CEBONK_C2_WEB_V1_35ce78b4
1825846800,1825862100,BUY,C2-1825846800-BUY,CEBONK_C2_WEB_V1_35ce78b4
1825862100,1825866000,NEUTRAL,C2-1825862100-NEUTRAL,CEBONK_C2_WEB_V1_35ce78b4
1825887600,1825895100,NEUTRAL,C2-1825887600-NEUTRAL,CEBONK_C2_WEB_V1_35ce78b4
1825895100,1825915500,BUY,C2-1825895100-BUY,CEBONK_C2_WEB_V1_35ce78b4
1825915500,1825944600,NEUTRAL,C2-1825915500-NEUTRAL,CEBONK_C2_WEB_V1_35ce78b4
1825944600,1825952400,BUY,C2-1825944600-BUY,CEBONK_C2_WEB_V1_35ce78b4
1825974000,1826038800,NEUTRAL,C2-1825974000-NEUTRAL,CEBONK_C2_WEB_V1_35ce78b4
1826060400,1826066100,SELL,C2-1826060400-SELL,CEBONK_C2_WEB_V1_35ce78b4
1826066100,1826125200,NEUTRAL,C2-1826066100-NEUTRAL,CEBONK_C2_WEB_V1_35ce78b4
1826146800,1826163300,NEUTRAL,C2-1826146800-NEUTRAL,CEBONK_C2_WEB_V1_35ce78b4
1826163300,1826163600,TRANSITION,C2-1826163300-TRANSITION,CEBONK_C2_WEB_V1_35ce78b4
1826163600,1826165400,NEUTRAL,C2-1826163600-NEUTRAL,CEBONK_C2_WEB_V1_35ce78b4
1826165400,1826211600,BUY,C2-1826165400-BUY,CEBONK_C2_WEB_V1_35ce78b4
1826233200,1826298000,BUY,C2-1826233200-BUY,CEBONK_C2_WEB_V1_35ce78b4
1826319600,1826326500,NEUTRAL,C2-1826319600-NEUTRAL,CEBONK_C2_WEB_V1_35ce78b4
1826326500,1826334300,SELL,C2-1826326500-SELL,CEBONK_C2_WEB_V1_35ce78b4
1826334300,1826346900,NEUTRAL,C2-1826334300-NEUTRAL,CEBONK_C2_WEB_V1_35ce78b4
1826346900,1826347200,TRANSITION,C2-1826346900-TRANSITION,CEBONK_C2_WEB_V1_35ce78b4
1826347200,1826354400,NEUTRAL,C2-1826347200-NEUTRAL,CEBONK_C2_WEB_V1_35ce78b4
1826354400,1826365200,SELL,C2-1826354400-SELL,CEBONK_C2_WEB_V1_35ce78b4
1826365200,1826384400,NEUTRAL,C2-1826365200-NEUTRAL,CEBONK_C2_WEB_V1_35ce78b4
1826406000,1826424000,NEUTRAL,C2-1826406000-NEUTRAL,CEBONK_C2_WEB_V1_35ce78b4
1826424000,1826426700,SELL,C2-1826424000-SELL,CEBONK_C2_WEB_V1_35ce78b4
1826426700,1826470800,NEUTRAL,C2-1826426700-NEUTRAL,CEBONK_C2_WEB_V1_35ce78b4
1826492400,1826536500,NEUTRAL,C2-1826492400-NEUTRAL,CEBONK_C2_WEB_V1_35ce78b4
1826536500,1826536800,TRANSITION,C2-1826536500-TRANSITION,CEBONK_C2_WEB_V1_35ce78b4
1826536800,1826539800,NEUTRAL,C2-1826536800-NEUTRAL,CEBONK_C2_WEB_V1_35ce78b4
1826539800,1826557200,BUY,C2-1826539800-BUY,CEBONK_C2_WEB_V1_35ce78b4
1826578800,1826596500,BUY,C2-1826578800-BUY,CEBONK_C2_WEB_V1_35ce78b4
1826596500,1826596800,TRANSITION,C2-1826596500-TRANSITION,CEBONK_C2_WEB_V1_35ce78b4
1826596800,1826597100,NEUTRAL,C2-1826596800-NEUTRAL,CEBONK_C2_WEB_V1_35ce78b4
1826597100,1826604600,BUY,C2-1826597100-BUY,CEBONK_C2_WEB_V1_35ce78b4
1826604600,1826614200,NEUTRAL,C2-1826604600-NEUTRAL,CEBONK_C2_WEB_V1_35ce78b4
1826614200,1826615100,SELL,C2-1826614200-SELL,CEBONK_C2_WEB_V1_35ce78b4
1826615100,1826615400,TRANSITION,C2-1826615100-TRANSITION,CEBONK_C2_WEB_V1_35ce78b4
1826615400,1826634000,NEUTRAL,C2-1826615400-NEUTRAL,CEBONK_C2_WEB_V1_35ce78b4
1826634000,1826635800,BUY,C2-1826634000-BUY,CEBONK_C2_WEB_V1_35ce78b4
1826635800,1826643600,NEUTRAL,C2-1826635800-NEUTRAL,CEBONK_C2_WEB_V1_35ce78b4
1826665200,1826666400,NEUTRAL,C2-1826665200-NEUTRAL,CEBONK_C2_WEB_V1_35ce78b4
1826666400,1826688600,SELL,C2-1826666400-SELL,CEBONK_C2_WEB_V1_35ce78b4
1826688600,1826716800,NEUTRAL,C2-1826688600-NEUTRAL,CEBONK_C2_WEB_V1_35ce78b4
1826716800,1826718900,BUY,C2-1826716800-BUY,CEBONK_C2_WEB_V1_35ce78b4
1826718900,1826719200,TRANSITION,C2-1826718900-TRANSITION,CEBONK_C2_WEB_V1_35ce78b4
1826719200,1826730000,NEUTRAL,C2-1826719200-NEUTRAL,CEBONK_C2_WEB_V1_35ce78b4
1826751600,1826752200,NEUTRAL,C2-1826751600-NEUTRAL,CEBONK_C2_WEB_V1_35ce78b4
1826752200,1826767200,SELL,C2-1826752200-SELL,CEBONK_C2_WEB_V1_35ce78b4
1826767200,1826816400,NEUTRAL,C2-1826767200-NEUTRAL,CEBONK_C2_WEB_V1_35ce78b4
1826838000,1826882400,NEUTRAL,C2-1826838000-NEUTRAL,CEBONK_C2_WEB_V1_35ce78b4
1826882400,1826885400,BUY,C2-1826882400-BUY,CEBONK_C2_WEB_V1_35ce78b4
1826885400,1826902800,NEUTRAL,C2-1826885400-NEUTRAL,CEBONK_C2_WEB_V1_35ce78b4
1826924400,1826928900,NEUTRAL,C2-1826924400-NEUTRAL,CEBONK_C2_WEB_V1_35ce78b4
1826928900,1826945100,SELL,C2-1826928900-SELL,CEBONK_C2_WEB_V1_35ce78b4
1826945100,1826952300,NEUTRAL,C2-1826945100-NEUTRAL,CEBONK_C2_WEB_V1_35ce78b4
1826952300,1826963400,BUY,C2-1826952300-BUY,CEBONK_C2_WEB_V1_35ce78b4
1826963400,1826978100,NEUTRAL,C2-1826963400-NEUTRAL,CEBONK_C2_WEB_V1_35ce78b4
1826978100,1826978400,TRANSITION,C2-1826978100-TRANSITION,CEBONK_C2_WEB_V1_35ce78b4
1826978400,1826982000,NEUTRAL,C2-1826978400-NEUTRAL,CEBONK_C2_WEB_V1_35ce78b4
1826982000,1826989200,BUY,C2-1826982000-BUY,CEBONK_C2_WEB_V1_35ce78b4
1827010800,1827075600,NEUTRAL,C2-1827010800-NEUTRAL,CEBONK_C2_WEB_V1_35ce78b4
1827097200,1827102000,NEUTRAL,C2-1827097200-NEUTRAL,CEBONK_C2_WEB_V1_35ce78b4
1827102000,1827162000,BUY,C2-1827102000-BUY,CEBONK_C2_WEB_V1_35ce78b4
1827183600,1827248400,BUY,C2-1827183600-BUY,CEBONK_C2_WEB_V1_35ce78b4
1827270000,1827334800,BUY,C2-1827270000-BUY,CEBONK_C2_WEB_V1_35ce78b4
1827356400,1827378600,BUY,C2-1827356400-BUY,CEBONK_C2_WEB_V1_35ce78b4
1827378600,1827386700,NEUTRAL,C2-1827378600-NEUTRAL,CEBONK_C2_WEB_V1_35ce78b4
1827386700,1827390000,SELL,C2-1827386700-SELL,CEBONK_C2_WEB_V1_35ce78b4
1827390000,1827417600,NEUTRAL,C2-1827390000-NEUTRAL,CEBONK_C2_WEB_V1_35ce78b4
1827417600,1827421200,SELL,C2-1827417600-SELL,CEBONK_C2_WEB_V1_35ce78b4
1827442800,1827469200,SELL,C2-1827442800-SELL,CEBONK_C2_WEB_V1_35ce78b4
1827469200,1827480000,NEUTRAL,C2-1827469200-NEUTRAL,CEBONK_C2_WEB_V1_35ce78b4
1827480000,1827480300,TRANSITION,C2-1827480000-TRANSITION,CEBONK_C2_WEB_V1_35ce78b4
1827480300,1827486900,NEUTRAL,C2-1827480300-NEUTRAL,CEBONK_C2_WEB_V1_35ce78b4
1827486900,1827507600,SELL,C2-1827486900-SELL,CEBONK_C2_WEB_V1_35ce78b4
1827529200,1827578400,SELL,C2-1827529200-SELL,CEBONK_C2_WEB_V1_35ce78b4
1827578400,1827581700,NEUTRAL,C2-1827578400-NEUTRAL,CEBONK_C2_WEB_V1_35ce78b4
1827581700,1827594000,SELL,C2-1827581700-SELL,CEBONK_C2_WEB_V1_35ce78b4
1827615600,1827653700,SELL,C2-1827615600-SELL,CEBONK_C2_WEB_V1_35ce78b4
1827653700,1827678300,NEUTRAL,C2-1827653700-NEUTRAL,CEBONK_C2_WEB_V1_35ce78b4
1827678300,1827680400,SELL,C2-1827678300-SELL,CEBONK_C2_WEB_V1_35ce78b4
1827702000,1827705300,NEUTRAL,C2-1827702000-NEUTRAL,CEBONK_C2_WEB_V1_35ce78b4
1827705300,1827723600,BUY,C2-1827705300-BUY,CEBONK_C2_WEB_V1_35ce78b4
1827723600,1827766500,NEUTRAL,C2-1827723600-NEUTRAL,CEBONK_C2_WEB_V1_35ce78b4
1827766500,1827766800,BUY,C2-1827766500-BUY,CEBONK_C2_WEB_V1_35ce78b4
1827788400,1827812700,BUY,C2-1827788400-BUY,CEBONK_C2_WEB_V1_35ce78b4
1827812700,1827823500,NEUTRAL,C2-1827812700-NEUTRAL,CEBONK_C2_WEB_V1_35ce78b4
1827823500,1827835200,BUY,C2-1827823500-BUY,CEBONK_C2_WEB_V1_35ce78b4
1827835200,1827853200,NEUTRAL,C2-1827835200-NEUTRAL,CEBONK_C2_WEB_V1_35ce78b4
1827874800,1827906000,NEUTRAL,C2-1827874800-NEUTRAL,CEBONK_C2_WEB_V1_35ce78b4
1827906000,1827906900,BUY,C2-1827906000-BUY,CEBONK_C2_WEB_V1_35ce78b4
1827906900,1827907200,TRANSITION,C2-1827906900-TRANSITION,CEBONK_C2_WEB_V1_35ce78b4
1827907200,1827939600,NEUTRAL,C2-1827907200-NEUTRAL,CEBONK_C2_WEB_V1_35ce78b4
1827961200,1828025400,NEUTRAL,C2-1827961200-NEUTRAL,CEBONK_C2_WEB_V1_35ce78b4
1828025400,1828025700,TRANSITION,C2-1828025400-TRANSITION,CEBONK_C2_WEB_V1_35ce78b4
1828025700,1828026000,NEUTRAL,C2-1828025700-NEUTRAL,CEBONK_C2_WEB_V1_35ce78b4
1828047600,1828066500,NEUTRAL,C2-1828047600-NEUTRAL,CEBONK_C2_WEB_V1_35ce78b4
1828066500,1828066800,TRANSITION,C2-1828066500-TRANSITION,CEBONK_C2_WEB_V1_35ce78b4
1828066800,1828070100,NEUTRAL,C2-1828066800-NEUTRAL,CEBONK_C2_WEB_V1_35ce78b4
1828070100,1828071000,SELL,C2-1828070100-SELL,CEBONK_C2_WEB_V1_35ce78b4
1828071000,1828071300,TRANSITION,C2-1828071000-TRANSITION,CEBONK_C2_WEB_V1_35ce78b4
1828071300,1828112400,NEUTRAL,C2-1828071300-NEUTRAL,CEBONK_C2_WEB_V1_35ce78b4
1828134000,1828145700,NEUTRAL,C2-1828134000-NEUTRAL,CEBONK_C2_WEB_V1_35ce78b4
1828145700,1828161900,SELL,C2-1828145700-SELL,CEBONK_C2_WEB_V1_35ce78b4
1828161900,1828198800,NEUTRAL,C2-1828161900-NEUTRAL,CEBONK_C2_WEB_V1_35ce78b4
1828220400,1828227300,BUY,C2-1828220400-BUY,CEBONK_C2_WEB_V1_35ce78b4
1828227300,1828237500,NEUTRAL,C2-1828227300-NEUTRAL,CEBONK_C2_WEB_V1_35ce78b4
1828237500,1828240200,BUY,C2-1828237500-BUY,CEBONK_C2_WEB_V1_35ce78b4
1828240200,1828249500,NEUTRAL,C2-1828240200-NEUTRAL,CEBONK_C2_WEB_V1_35ce78b4
1828249500,1828256400,SELL,C2-1828249500-SELL,CEBONK_C2_WEB_V1_35ce78b4
1828256400,1828282200,NEUTRAL,C2-1828256400-NEUTRAL,CEBONK_C2_WEB_V1_35ce78b4
1828282200,1828285200,BUY,C2-1828282200-BUY,CEBONK_C2_WEB_V1_35ce78b4
1828306800,1828371600,NEUTRAL,C2-1828306800-NEUTRAL,CEBONK_C2_WEB_V1_35ce78b4
1828393200,1828427100,NEUTRAL,C2-1828393200-NEUTRAL,CEBONK_C2_WEB_V1_35ce78b4
1828427100,1828427700,SELL,C2-1828427100-SELL,CEBONK_C2_WEB_V1_35ce78b4
1828427700,1828428000,TRANSITION,C2-1828427700-TRANSITION,CEBONK_C2_WEB_V1_35ce78b4
1828428000,1828454700,NEUTRAL,C2-1828428000-NEUTRAL,CEBONK_C2_WEB_V1_35ce78b4
1828454700,1828458000,BUY,C2-1828454700-BUY,CEBONK_C2_WEB_V1_35ce78b4
1828479600,1828509000,NEUTRAL,C2-1828479600-NEUTRAL,CEBONK_C2_WEB_V1_35ce78b4
1828509000,1828527000,BUY,C2-1828509000-BUY,CEBONK_C2_WEB_V1_35ce78b4
1828527000,1828544400,NEUTRAL,C2-1828527000-NEUTRAL,CEBONK_C2_WEB_V1_35ce78b4
1828566000,1828571100,BUY,C2-1828566000-BUY,CEBONK_C2_WEB_V1_35ce78b4
1828571100,1828596900,NEUTRAL,C2-1828571100-NEUTRAL,CEBONK_C2_WEB_V1_35ce78b4
1828596900,1828630800,BUY,C2-1828596900-BUY,CEBONK_C2_WEB_V1_35ce78b4
1828652400,1828713000,BUY,C2-1828652400-BUY,CEBONK_C2_WEB_V1_35ce78b4
1828713000,1828713300,TRANSITION,C2-1828713000-TRANSITION,CEBONK_C2_WEB_V1_35ce78b4
1828713300,1828714800,NEUTRAL,C2-1828713300-NEUTRAL,CEBONK_C2_WEB_V1_35ce78b4
1828714800,1828715100,TRANSITION,C2-1828714800-TRANSITION,CEBONK_C2_WEB_V1_35ce78b4
1828715100,1828717200,NEUTRAL,C2-1828715100-NEUTRAL,CEBONK_C2_WEB_V1_35ce78b4
1828738800,1828743300,NEUTRAL,C2-1828738800-NEUTRAL,CEBONK_C2_WEB_V1_35ce78b4
1828743300,1828743600,TRANSITION,C2-1828743300-TRANSITION,CEBONK_C2_WEB_V1_35ce78b4
1828743600,1828749600,NEUTRAL,C2-1828743600-NEUTRAL,CEBONK_C2_WEB_V1_35ce78b4
1828749600,1828780800,BUY,C2-1828749600-BUY,CEBONK_C2_WEB_V1_35ce78b4
1828780800,1828798800,NEUTRAL,C2-1828780800-NEUTRAL,CEBONK_C2_WEB_V1_35ce78b4
1828798800,1828803600,BUY,C2-1828798800-BUY,CEBONK_C2_WEB_V1_35ce78b4
1828825200,1828847100,NEUTRAL,C2-1828825200-NEUTRAL,CEBONK_C2_WEB_V1_35ce78b4
1828847100,1828860000,SELL,C2-1828847100-SELL,CEBONK_C2_WEB_V1_35ce78b4
1828860000,1828884600,NEUTRAL,C2-1828860000-NEUTRAL,CEBONK_C2_WEB_V1_35ce78b4
1828884600,1828890000,SELL,C2-1828884600-SELL,CEBONK_C2_WEB_V1_35ce78b4
1828911600,1828915800,SELL,C2-1828911600-SELL,CEBONK_C2_WEB_V1_35ce78b4
1828915800,1828916100,TRANSITION,C2-1828915800-TRANSITION,CEBONK_C2_WEB_V1_35ce78b4
1828916100,1828921800,NEUTRAL,C2-1828916100-NEUTRAL,CEBONK_C2_WEB_V1_35ce78b4
1828921800,1828922100,TRANSITION,C2-1828921800-TRANSITION,CEBONK_C2_WEB_V1_35ce78b4
1828922100,1828954200,NEUTRAL,C2-1828922100-NEUTRAL,CEBONK_C2_WEB_V1_35ce78b4
1828954200,1828968900,BUY,C2-1828954200-BUY,CEBONK_C2_WEB_V1_35ce78b4
1828968900,1828976100,NEUTRAL,C2-1828968900-NEUTRAL,CEBONK_C2_WEB_V1_35ce78b4
1828976100,1828976400,TRANSITION,C2-1828976100-TRANSITION,CEBONK_C2_WEB_V1_35ce78b4
1828998000,1829005500,BUY,C2-1828998000-BUY,CEBONK_C2_WEB_V1_35ce78b4
1829005500,1829061000,NEUTRAL,C2-1829005500-NEUTRAL,CEBONK_C2_WEB_V1_35ce78b4
1829061000,1829062800,BUY,C2-1829061000-BUY,CEBONK_C2_WEB_V1_35ce78b4
1829084400,1829095200,NEUTRAL,C2-1829084400-NEUTRAL,CEBONK_C2_WEB_V1_35ce78b4
1829095200,1829097300,BUY,C2-1829095200-BUY,CEBONK_C2_WEB_V1_35ce78b4
1829097300,1829097600,TRANSITION,C2-1829097300-TRANSITION,CEBONK_C2_WEB_V1_35ce78b4
1829097600,1829126100,NEUTRAL,C2-1829097600-NEUTRAL,CEBONK_C2_WEB_V1_35ce78b4
1829126100,1829149200,SELL,C2-1829126100-SELL,CEBONK_C2_WEB_V1_35ce78b4
1829170800,1829209200,SELL,C2-1829170800-SELL,CEBONK_C2_WEB_V1_35ce78b4
1829209200,1829231400,NEUTRAL,C2-1829209200-NEUTRAL,CEBONK_C2_WEB_V1_35ce78b4
1829231400,1829233200,BUY,C2-1829231400-BUY,CEBONK_C2_WEB_V1_35ce78b4
1829233200,1829233500,TRANSITION,C2-1829233200-TRANSITION,CEBONK_C2_WEB_V1_35ce78b4
1829233500,1829235600,NEUTRAL,C2-1829233500-NEUTRAL,CEBONK_C2_WEB_V1_35ce78b4
1829257200,1829281800,NEUTRAL,C2-1829257200-NEUTRAL,CEBONK_C2_WEB_V1_35ce78b4
1829281800,1829284800,BUY,C2-1829281800-BUY,CEBONK_C2_WEB_V1_35ce78b4
1829284800,1829285100,TRANSITION,C2-1829284800-TRANSITION,CEBONK_C2_WEB_V1_35ce78b4
1829285100,1829290500,NEUTRAL,C2-1829285100-NEUTRAL,CEBONK_C2_WEB_V1_35ce78b4
1829290500,1829299800,SELL,C2-1829290500-SELL,CEBONK_C2_WEB_V1_35ce78b4
1829299800,1829307300,NEUTRAL,C2-1829299800-NEUTRAL,CEBONK_C2_WEB_V1_35ce78b4
1829307300,1829313000,BUY,C2-1829307300-BUY,CEBONK_C2_WEB_V1_35ce78b4
1829313000,1829320800,NEUTRAL,C2-1829313000-NEUTRAL,CEBONK_C2_WEB_V1_35ce78b4
1829320800,1829322000,SELL,C2-1829320800-SELL,CEBONK_C2_WEB_V1_35ce78b4
1829343600,1829349600,BUY,C2-1829343600-BUY,CEBONK_C2_WEB_V1_35ce78b4
1829349600,1829408400,NEUTRAL,C2-1829349600-NEUTRAL,CEBONK_C2_WEB_V1_35ce78b4
1829430000,1829448000,SELL,C2-1829430000-SELL,CEBONK_C2_WEB_V1_35ce78b4
1829448000,1829494800,NEUTRAL,C2-1829448000-NEUTRAL,CEBONK_C2_WEB_V1_35ce78b4
1829516400,1829541000,SELL,C2-1829516400-SELL,CEBONK_C2_WEB_V1_35ce78b4
1829541000,1829541300,TRANSITION,C2-1829541000-TRANSITION,CEBONK_C2_WEB_V1_35ce78b4
1829541300,1829581200,NEUTRAL,C2-1829541300-NEUTRAL,CEBONK_C2_WEB_V1_35ce78b4
1829602800,1829636400,NEUTRAL,C2-1829602800-NEUTRAL,CEBONK_C2_WEB_V1_35ce78b4
1829636400,1829639100,BUY,C2-1829636400-BUY,CEBONK_C2_WEB_V1_35ce78b4
1829639100,1829639400,TRANSITION,C2-1829639100-TRANSITION,CEBONK_C2_WEB_V1_35ce78b4
1829639400,1829666400,NEUTRAL,C2-1829639400-NEUTRAL,CEBONK_C2_WEB_V1_35ce78b4
1829666400,1829667600,BUY,C2-1829666400-BUY,CEBONK_C2_WEB_V1_35ce78b4
1829689200,1829710200,NEUTRAL,C2-1829689200-NEUTRAL,CEBONK_C2_WEB_V1_35ce78b4
1829710200,1829735100,BUY,C2-1829710200-BUY,CEBONK_C2_WEB_V1_35ce78b4
1829735100,1829739300,NEUTRAL,C2-1829735100-NEUTRAL,CEBONK_C2_WEB_V1_35ce78b4
1829739300,1829739600,TRANSITION,C2-1829739300-TRANSITION,CEBONK_C2_WEB_V1_35ce78b4
1829739600,1829740500,BUY,C2-1829739600-BUY,CEBONK_C2_WEB_V1_35ce78b4
1829740500,1829740800,TRANSITION,C2-1829740500-TRANSITION,CEBONK_C2_WEB_V1_35ce78b4
1829740800,1829754000,NEUTRAL,C2-1829740800-NEUTRAL,CEBONK_C2_WEB_V1_35ce78b4
1829775600,1829826600,NEUTRAL,C2-1829775600-NEUTRAL,CEBONK_C2_WEB_V1_35ce78b4
1829826600,1829840400,BUY,C2-1829826600-BUY,CEBONK_C2_WEB_V1_35ce78b4
1829862000,1829871300,NEUTRAL,C2-1829862000-NEUTRAL,CEBONK_C2_WEB_V1_35ce78b4
1829871300,1829881200,SELL,C2-1829871300-SELL,CEBONK_C2_WEB_V1_35ce78b4
1829881200,1829926800,NEUTRAL,C2-1829881200-NEUTRAL,CEBONK_C2_WEB_V1_35ce78b4
1829948400,1829951400,BUY,C2-1829948400-BUY,CEBONK_C2_WEB_V1_35ce78b4
1829951400,1830003000,NEUTRAL,C2-1829951400-NEUTRAL,CEBONK_C2_WEB_V1_35ce78b4
1830003000,1830013200,BUY,C2-1830003000-BUY,CEBONK_C2_WEB_V1_35ce78b4
1830034800,1830045900,NEUTRAL,C2-1830034800-NEUTRAL,CEBONK_C2_WEB_V1_35ce78b4
1830045900,1830046800,SELL,C2-1830045900-SELL,CEBONK_C2_WEB_V1_35ce78b4
1830046800,1830047100,TRANSITION,C2-1830046800-TRANSITION,CEBONK_C2_WEB_V1_35ce78b4
1830047100,1830057600,NEUTRAL,C2-1830047100-NEUTRAL,CEBONK_C2_WEB_V1_35ce78b4
1830057600,1830099600,BUY,C2-1830057600-BUY,CEBONK_C2_WEB_V1_35ce78b4
1830121200,1830186000,BUY,C2-1830121200-BUY,CEBONK_C2_WEB_V1_35ce78b4
1830207600,1830272400,BUY,C2-1830207600-BUY,CEBONK_C2_WEB_V1_35ce78b4
